date,Albania,advanced,Argentina,Australia,Austria,Belgium,Bulgaria,Bahrain,bosniaAndHerzegovina,Belarus,Bolivia,Brazil,Botswana,Canada,Switzerland,Chile,China,Colombia,costaRica,Cyprus,czechRepublic,Germany,Denmark,emdeEAsia,emdeEMEA,Ecuador,Egypt,emdes,Spain,Estonia,Finland,France,UK,Georgia,Ghana,Greece,Guatemala,highIncome,hongKong,Honduras,Croatia,Hungary,Indonesia,India,Ireland,Iran,Iceland,Israel,Italy,Jordan,Japan,Kazakhstan,Kenya,Korea,Kuwait,emdeLatAm,lowIncome,sriLanka,Lithuania,Luxembourg,Latvia,Morocco,Mexico,middleIncome,northMacedonia,Malta,Mongolia,emdeMENA,Malaysia,Nigeria,Nicaragua,Netherlands,Norway,newZealand,Peru,Philippines,Poland,Portugal,Paraguay,Qatar,Romania,Russia,emdeSouthAsia,saudiArabia,Singapore,elSalvador,Serbia,emdeAfrica,Slovakia,Slovenia,Sweden,Thailand,Tunisia,Turkey,Taiwan,Ukraine,Uruguay,US,Vietnam,World,southAfrica
1/1/1990,NA,7046025,47502.43,158133.9,NA,NA,NA,NA,NA,NA,2205.213,294869.9,NA,252476.5,106279.3,NA,NA,NA,NA,NA,NA,659346.6,NA,NA,NA,9302.147,NA,NA,NA,NA,44280.59,488916.5,414090.5,NA,NA,NA,NA,7290787,25372.85,NA,NA,NA,67890.83,NA,NA,NA,NA,NA,458884,NA,1114070,NA,NA,89337.38,NA,NA,NA,NA,NA,NA,NA,NA,154480.3,NA,NA,NA,NA,NA,NA,NA,NA,136785.7,63429.34,19821.54,NA,22683.85,NA,NA,NA,NA,NA,NA,NA,NA,16487.22,3037.335,NA,NA,NA,NA,79307.89,NA,NA,86690.12,37406.26,NA,NA,2234331,NA,8974507,52961.73
4/1/1990,NA,7103328,48130.97,158308.1,NA,NA,NA,NA,NA,NA,2157.722,272231,NA,251433.1,106591,NA,NA,NA,NA,NA,NA,662630,NA,NA,NA,9331.867,NA,NA,NA,NA,43818.11,491848.5,416217.5,NA,NA,NA,NA,7350080,25893.68,NA,NA,NA,69718.01,NA,NA,NA,NA,NA,460282.6,NA,1143545,NA,NA,90903.48,NA,588836.2,NA,NA,NA,NA,NA,NA,157832.2,NA,NA,NA,NA,NA,NA,NA,NA,137930,64114.6,19741.4,NA,22640.92,NA,NA,NA,NA,NA,NA,NA,NA,16656.64,3116.88,NA,NA,NA,NA,80290.78,NA,NA,91881.17,38142.91,NA,NA,2242448,NA,9025252,52918.02
7/1/1990,NA,7143716,52613.26,157411.3,NA,NA,NA,NA,NA,NA,2213.337,290908.2,NA,249649.7,106325.6,NA,NA,NA,NA,NA,NA,676555.3,NA,NA,NA,9446.25,NA,NA,NA,NA,43175.87,493669.5,411872.1,NA,NA,NA,NA,7391872,26177.91,NA,NA,NA,71622.23,NA,NA,NA,NA,NA,461023.1,NA,1165569,NA,NA,94436.64,NA,619342.9,NA,NA,NA,NA,NA,NA,159985.2,NA,NA,NA,NA,NA,NA,NA,NA,139810.8,63483.87,19744.26,NA,22950.62,NA,NA,NA,NA,NA,NA,NA,NA,16847.77,3165.63,NA,NA,NA,NA,79697.03,NA,NA,90023.73,38144.29,NA,NA,2243881,NA,9103833,52873.54
10/1/1990,NA,7136701,53868.88,158319.4,NA,NA,NA,NA,NA,NA,2239.357,287112.9,NA,247428.5,106183.8,NA,NA,NA,NA,NA,NA,688347.2,NA,NA,NA,9523.07,NA,NA,NA,NA,42850.63,495039.8,410455,NA,NA,NA,NA,7384614,26430.81,NA,NA,NA,73125.13,NA,NA,NA,NA,NA,458026.4,NA,1164531,NA,NA,95940.44,NA,618886.6,NA,NA,NA,NA,NA,NA,162018.5,NA,NA,NA,NA,NA,NA,NA,NA,140918.1,65183.9,20133.52,NA,22950.66,NA,NA,NA,NA,NA,NA,NA,NA,17115.95,3187.306,NA,NA,NA,NA,80134.47,NA,NA,91903.4,40620.9,NA,NA,2223444,NA,9099660,52922.56
1/1/1991,NA,7160418,51359.48,156262.7,NA,NA,NA,NA,NA,NA,2264.255,275860,NA,243898.5,105844.4,NA,NA,NA,3629.124,NA,NA,710397.8,60308.14,NA,NA,9685.589,NA,NA,NA,NA,41712.98,494070.9,409257.3,NA,NA,NA,NA,7409154,26860.2,NA,NA,NA,74100.13,NA,NA,NA,NA,NA,462607.5,NA,1176471,NA,NA,99420.36,NA,603127.1,NA,NA,NA,NA,NA,NA,162465.1,NA,NA,NA,NA,NA,NA,NA,NA,140346.6,65736.94,19470.92,NA,22619.93,NA,NA,NA,NA,NA,NA,NA,NA,17525.64,3126.406,NA,NA,NA,NA,79661.15,NA,NA,85556.89,39967.09,NA,NA,2213130,NA,9102457,52501.69
4/1/1991,NA,7191301,54073.1,156021.5,NA,NA,NA,NA,NA,NA,2309.475,290076.3,NA,245032.2,105290,NA,NA,NA,3662.336,NA,NA,706820.6,60081,NA,NA,9911.894,NA,NA,NA,NA,41283.44,496984.3,408741.3,NA,NA,NA,NA,7441110,27206.86,NA,NA,NA,76309.3,NA,NA,NA,NA,NA,460074.7,NA,1186875,NA,NA,100848.1,NA,626630.2,NA,NA,NA,NA,NA,NA,164951.1,NA,NA,NA,NA,NA,NA,NA,NA,141991.1,66080.82,19276.29,NA,22450.33,NA,NA,NA,NA,NA,NA,NA,NA,17771.48,3216.951,NA,NA,NA,NA,79266.41,NA,NA,90559.98,41290.9,NA,NA,2230320,NA,9171032,52383.15
7/1/1991,NA,7206839,58084.46,156707.1,NA,NA,NA,NA,NA,NA,2342.66,300563.9,NA,245362.2,105334.2,NA,NA,NA,3692.101,NA,NA,705274.8,60844.78,NA,NA,9973.349,NA,NA,NA,NA,40735.89,497917.4,407848.7,NA,NA,NA,NA,7457187,27576.97,NA,NA,NA,77920.87,NA,NA,NA,NA,NA,460239.9,NA,1186147,NA,NA,103157.6,NA,644319.5,NA,NA,NA,NA,NA,NA,165257.8,NA,NA,NA,NA,NA,NA,NA,NA,142571.9,65919.29,19475.93,NA,22526.38,NA,NA,NA,NA,NA,NA,NA,NA,18067.15,3197.607,NA,NA,NA,NA,78553.08,NA,NA,94901.5,42175.1,NA,NA,2241589,NA,9214837,52362.78
10/1/1991,NA,7250526,59937.72,156801.5,NA,NA,NA,NA,NA,NA,2361.274,290575.4,NA,245816.1,105441.8,NA,NA,NA,3817.283,NA,NA,714256,60045.92,NA,NA,9984.953,NA,NA,NA,NA,40100.51,500153,408557.2,NA,NA,NA,NA,7502393,28154.14,NA,NA,NA,79269.96,NA,NA,NA,NA,NA,465642.8,NA,1194809,NA,NA,105565.5,NA,638349.7,NA,NA,NA,NA,NA,NA,168242.7,NA,NA,NA,NA,NA,NA,NA,NA,144151.7,66402.71,19495.25,NA,23117.88,NA,NA,NA,NA,NA,NA,NA,NA,18211.41,3160.466,NA,NA,NA,NA,78734.45,NA,NA,90722.36,43781.03,NA,NA,2249420,NA,9255554,52272.77
1/1/1992,NA,7311252,58888.79,158010.5,NA,NA,NA,NA,NA,NA,2334.365,288878.4,NA,245996.4,106083.9,NA,233269.5,NA,3890.111,NA,NA,725089.7,61134.7,NA,NA,10067.57,NA,NA,NA,NA,40195.2,504896.7,408586.7,NA,NA,NA,NA,7565228,28457.71,NA,NA,NA,79480.3,NA,NA,NA,NA,NA,466895.4,2476.257,1196565,NA,NA,107605.7,NA,635412.7,NA,NA,NA,NA,NA,NA,168227.9,NA,NA,NA,NA,NA,NA,NA,NA,145171.9,67814.85,19588.27,NA,23046.71,NA,NA,NA,NA,NA,NA,NA,NA,18529.83,3317.043,NA,NA,NA,NA,80109.53,NA,NA,91083.86,44116.05,NA,NA,2276351,NA,9321981,51906.51
4/1/1992,NA,7331804,60534.69,159092.1,NA,NA,NA,NA,NA,NA,2347.871,285848.4,NA,246294.5,105820.2,NA,245129.9,NA,4003.016,NA,NA,719864.5,60772.94,410658.1,NA,9976.359,NA,NA,NA,NA,39721.75,505134.6,408104.5,NA,NA,NA,NA,7586494,28953.84,NA,NA,NA,80635.85,NA,NA,NA,NA,NA,466627,2526.469,1196541,NA,NA,108315,NA,637076.7,NA,NA,NA,NA,NA,NA,170986.7,1692104,NA,NA,NA,NA,NA,NA,NA,143838.9,68168.4,19785.76,NA,22442.25,NA,NA,NA,NA,NA,NA,NA,NA,18750.86,3309.803,NA,NA,NA,NA,78512.94,NA,NA,94270.1,44746.81,NA,NA,2300990,NA,9364942,51588.1
7/1/1992,NA,7368319,63188.98,160712.5,NA,NA,NA,NA,NA,NA,2357.17,286181.1,NA,247618.7,105022.7,NA,254516.4,NA,4167.412,NA,NA,718420.8,62287.56,425384.3,NA,10092.47,NA,NA,NA,NA,39493.94,504765.1,410703.9,NA,NA,NA,NA,7624277,29487.61,NA,NA,NA,83590.3,NA,NA,NA,NA,NA,465590.5,2596.039,1201042,NA,NA,108312.6,NA,642982.9,NA,NA,NA,NA,NA,NA,172574.3,1729117,NA,NA,NA,NA,NA,NA,NA,144274.4,69061.51,19415.1,NA,22588.03,NA,NA,NA,NA,NA,NA,NA,NA,19260.89,3423.801,NA,NA,NA,NA,78514.4,NA,NA,99941.01,45704.22,NA,NA,2323815,NA,9432672,50990.84
10/1/1992,NA,7386741,62476.72,164030.7,NA,NA,NA,NA,NA,NA,2398.145,289743.5,NA,249025.8,104276.5,NA,260422.3,NA,4099.929,NA,NA,716197.9,61806.32,433553.6,NA,10018.45,NA,NA,NA,NA,38976.58,503966.3,413564.7,NA,NA,NA,NA,7643339,29744.82,NA,NA,NA,84193.81,NA,NA,NA,NA,NA,462383.2,2660.432,1193296,NA,NA,110015.3,NA,646544.2,NA,NA,NA,NA,NA,NA,172718.1,1736164,NA,NA,NA,NA,NA,NA,NA,144820.8,68567.1,19605.44,NA,23005.67,NA,NA,NA,NA,NA,NA,NA,NA,19772.5,3532.311,NA,NA,NA,NA,75847.45,NA,NA,94685.66,46514.49,NA,NA,2347976,NA,9458264,50557.52
1/1/1993,NA,7398564,61372.06,165193,NA,NA,NA,NA,NA,NA,2418.194,296735.2,NA,250621.9,104322.1,NA,268632.6,NA,4237.181,NA,NA,710883.3,61307.73,444888.7,NA,9959.236,NA,NA,NA,NA,39293.58,500607.5,416556.3,NA,NA,NA,NA,7655573,30149.4,NA,NA,NA,85466.77,NA,NA,NA,NA,NA,461734.8,2666.87,1199732,NA,NA,112199.8,NA,654808.5,NA,NA,NA,NA,NA,NA,173647.4,1765638,NA,NA,NA,NA,NA,NA,NA,145711.7,68115.93,20036.2,NA,23133.75,NA,NA,NA,NA,NA,NA,NA,NA,20209.68,3584.055,NA,NA,NA,NA,75295.91,41172.78,NA,95657.82,47267.14,NA,NA,2351987,NA,9493099,51005.36
4/1/1993,NA,7415508,62488.72,166085,NA,NA,NA,NA,NA,NA,2485.399,302826.6,NA,252900.7,105129.2,NA,278367.5,NA,4286.273,NA,NA,710883.3,61003.96,456541,NA,10084.45,NA,2008564,NA,NA,39083.62,500966.4,418621.4,NA,NA,NA,NA,7673105,30662.88,NA,NA,NA,86507.94,NA,NA,NA,NA,NA,460622.6,2686.078,1189266,NA,NA,115203.1,NA,664168.3,NA,NA,NA,NA,NA,NA,174099.6,1808514,NA,NA,NA,NA,NA,NA,NA,146074.7,69298.53,20240.14,NA,23018.43,NA,NA,NA,NA,NA,NA,NA,NA,21080.95,3571.846,NA,NA,NA,NA,76053.15,41470.67,NA,103421.1,47935.11,NA,NA,2365644,NA,9544428,51564.88
7/1/1993,NA,7442239,66177.53,166275.4,NA,NA,NA,NA,NA,NA,2438.756,304392.5,NA,255313,105361.6,NA,287566.5,NA,4376.074,NA,NA,714933.1,61646.96,472332.7,NA,10032.83,NA,2053783,NA,NA,39412.97,501815.7,421919.4,NA,NA,NA,NA,7700765,31353.79,NA,NA,NA,89456.45,NA,NA,NA,NA,NA,459895.8,2724.966,1183239,NA,NA,117088.8,NA,672643,NA,NA,NA,NA,NA,NA,175968.2,1849230,NA,NA,NA,NA,NA,NA,NA,147270.4,70679.31,20791.83,NA,23128.56,NA,NA,NA,NA,NA,NA,NA,NA,21457.72,3600.628,NA,NA,NA,NA,76964.15,44064.7,NA,106464.7,48923.75,NA,NA,2376913,NA,9604890,52307.14
10/1/1993,NA,7501713,66836.4,169334.7,NA,NA,NA,NA,NA,NA,2497.389,303194.5,NA,256413.7,105867.4,NA,297114.4,NA,4405.477,NA,NA,714256,62069.47,486943.7,NA,10197.68,NA,2076894,NA,NA,39507.66,502774,424719.8,NA,NA,NA,NA,7762305,31711.07,NA,NA,NA,92654.99,NA,NA,NA,NA,NA,463268.3,2662.083,1187833,NA,NA,119489.3,NA,674972.5,NA,NA,NA,NA,NA,NA,178186.8,1870038,NA,NA,NA,NA,NA,NA,NA,146355.8,73194.03,21147.46,NA,23699.85,NA,NA,NA,NA,NA,NA,NA,NA,22298.26,3631.765,NA,NA,NA,NA,76966.95,44488.24,NA,103631,49273.16,NA,NA,2409288,NA,9686241,52694.68
1/1/1994,NA,7584411,65705.2,172189.9,NA,NA,NA,NA,NA,NA,2541.213,307289.4,1497.422,260190,106361.1,NA,305792.6,NA,4411.739,NA,NA,724220.9,63510.23,498265.2,NA,10324.19,NA,2096215,NA,NA,39917.99,506419.8,429713.3,NA,NA,NA,NA,7847876,32406.81,NA,NA,NA,93308.89,NA,NA,NA,NA,NA,466796.3,2803.606,1200603,NA,NA,122898.6,NA,680881.9,NA,NA,NA,NA,NA,NA,180037.9,1887435,NA,NA,NA,NA,NA,NA,NA,148546.7,72359.55,21787.16,NA,23944.05,NA,NA,4147.456,NA,NA,NA,NA,NA,22979.64,3621.603,NA,NA,NA,NA,77827.71,45559.55,NA,98968.31,50151.11,NA,NA,2432685,NA,9790569,52619.59
4/1/1994,NA,7648759,66542.19,174334.6,NA,NA,NA,NA,NA,NA,2536.831,311450.7,1461.469,263993,106021.4,NA,315797.4,NA,4534.513,NA,NA,726150,64596.61,511684.4,NA,10328.39,NA,2124154,NA,NA,40299.49,512006.2,434727.8,NA,NA,NA,NA,7914459,32657.61,NA,NA,NA,95638.81,NA,NA,NA,NA,NA,470174.3,2768.251,1194986,NA,NA,125078.7,NA,691411.9,NA,NA,NA,NA,NA,NA,183813.2,1912591,NA,NA,NA,NA,NA,NA,NA,150255.9,74044.77,21841.55,NA,24070.09,NA,NA,4114.164,NA,NA,NA,NA,NA,23247.06,3698.781,NA,NA,NA,NA,78727.28,45719.08,NA,92936.24,51767.92,NA,NA,2465633,NA,9880628,53190.39
7/1/1994,NA,7708674,69246.58,175665.4,NA,NA,NA,NA,NA,NA,2629.284,323003.1,1457.369,267375.9,106753.3,NA,325704.1,NA,4581.449,NA,NA,731183.6,64968.34,522860.4,NA,10756.45,NA,2186833,NA,NA,41266.98,515085.8,439695.9,NA,NA,NA,NA,7976455,32929.86,NA,NA,NA,95815.05,NA,NA,NA,NA,NA,473107.7,2815.573,1208591,NA,NA,126775.1,NA,711113.1,NA,NA,NA,NA,NA,NA,185306.3,1969028,NA,NA,NA,NA,NA,NA,NA,151393.6,73038.8,21925.98,NA,24183.35,NA,NA,4399.7,NA,NA,NA,NA,NA,23974,3822.502,NA,NA,NA,NA,79601.3,46033.69,NA,101015.7,52072.29,NA,NA,2480054,NA,9989739,53788.69
10/1/1994,NA,7777235,70330.16,177321.3,NA,NA,NA,NA,NA,NA,2593.325,335886.6,1481.239,269321.9,107113.8,NA,332625.9,NA,4554.527,NA,NA,739692.1,66072.08,532878.3,NA,10759.6,NA,2227952,NA,NA,42003.91,519547.7,442362.8,NA,NA,NA,NA,8047398,33360.19,NA,NA,NA,96177.98,NA,NA,NA,NA,NA,477548.4,2889.053,1203635,NA,NA,131943,NA,730174.4,NA,NA,NA,NA,NA,NA,187368.1,2006052,NA,NA,NA,NA,NA,NA,NA,152828.2,75925.39,22147.09,NA,24843.35,NA,NA,4525.893,NA,NA,NA,NA,NA,24317.57,3910.54,NA,NA,NA,NA,80841.11,47510.56,NA,98005.45,53901.4,NA,NA,2508417,NA,10093515,54686.46
1/1/1995,NA,7818157,66823.47,177343.8,NA,91303.52,7882.613,NA,NA,NA,2662.487,338949.8,1568.011,271820.1,106502.1,NA,341121.7,NA,4721.531,3887.241,NA,737175.4,66630.69,548691.8,NA,10522.8,NA,2236308,244250.3,2657.717,41883.15,522240.5,444240.9,NA,NA,54179.03,NA,8089741,33586.39,NA,NA,24543.4,100852.2,NA,27375.12,NA,1899.515,32320.01,483543.2,2996.513,1217187,NA,NA,134863.4,NA,716992.6,NA,NA,4876.761,7595.302,3316.816,NA,176612.6,2013575,NA,NA,NA,NA,NA,NA,NA,153868.3,75332.33,22446.9,NA,25096.89,NA,46652.49,4546.867,NA,28270.56,227648.2,NA,NA,24191.11,3897.619,NA,NA,11957.56,7751.309,81736.78,48959.14,NA,98726.6,53915.82,NA,NA,2517299,NA,10144305,54883.99
4/1/1995,NA,7863328,64158.1,177960.9,NA,91747.75,7623.701,NA,NA,NA,2656.372,333989.8,1499.961,271924.6,106792.8,NA,351005.6,NA,4702.21,3932.665,NA,742783.8,66440.11,562410,524807.7,10823.77,NA,2245252,245770.8,2630.976,42915.13,524430.9,445882.9,NA,NA,54677.7,NA,8136288,33518.49,NA,NA,24500.24,102724.6,NA,27777.21,NA,1951.311,33121.66,483883.2,3029.179,1230088,NA,NA,137611.5,NA,698394.8,NA,NA,4978.905,7592.353,3308.1,NA,167955.9,2021812,NA,NA,NA,NA,NA,NA,NA,155074.6,75989.59,22955.66,NA,25060.07,63871.56,47202.95,4671.847,NA,28399.65,229518.3,NA,NA,24906.36,3989.322,NA,NA,12187.02,7803.336,82354.01,50141.15,NA,105993.6,55312.62,NA,NA,2524843,NA,10199861,55127.69
7/1/1995,NA,7924810,66252.12,181954.2,NA,92430.4,7974.648,NA,NA,NA,2710.627,328395.7,1557.534,272293.5,107562.2,NA,360462.8,NA,4697.608,3938.034,NA,744035.8,66717.11,573574.2,537023.9,10811.81,NA,2274145,246771.1,2622.328,42782.01,525381.3,450003.3,NA,NA,54962.27,NA,8202232,33461.94,NA,NA,24506.24,103528.4,NA,28620.5,NA,1943.84,33525.08,486034.8,2963.562,1244444,NA,NA,140113.1,NA,698027,NA,NA,4959.684,7612.188,3254.851,NA,171228.5,2045491,NA,NA,NA,NA,NA,NA,NA,156294.1,77780.2,22939.92,NA,25506.65,66799.2,47407.93,4591.453,NA,28981.65,231370,NA,NA,25992.06,3947.306,NA,NA,11972.17,7818.766,82791.93,49933.3,NA,110980.8,56198.2,NA,NA,2546331,NA,10288613,55365.69
10/1/1995,NA,7963766,66883.82,182139.7,NA,92776.75,9025.604,NA,NA,NA,2749.234,330360.9,1650.955,273401.6,107667.6,NA,368140.9,NA,4701.07,3931.151,NA,744329.7,67205.36,584606.6,524282.6,10747.53,NA,2281377,248624.6,2652.596,42691.44,526214.6,450582.5,NA,NA,55282.75,NA,8242746,33905.73,NA,NA,24407.63,104962.9,NA,29038.48,NA,1961.913,33776.01,490061.1,2984.917,1247488,NA,NA,142601.3,NA,704792.8,NA,NA,5083.882,8120.239,3265.065,NA,174408.2,2051546,NA,NA,NA,NA,NA,NA,NA,157408,78739.71,23169.61,NA,25911.99,67534,47729.19,4575.487,NA,28176.06,225154.5,NA,NA,26226.91,3953.159,NA,NA,12325.2,7852.359,83495.4,50791,NA,105149.1,55981.63,NA,NA,2563617,NA,10336056,55584.23
1/1/1996,NA,8013291,66287.72,185162.7,76716.86,92572.2,7548.319,NA,NA,NA,2755.122,329040.9,1611.583,273580.1,107932.5,28649.57,377155.3,NA,4692.91,3979.466,36837.76,738235.7,67215.34,596689.9,523904.2,10985.5,NA,2301313,250106.6,2676.606,43613.64,529085.6,454719.8,NA,NA,55590.79,NA,8294974,34434.13,NA,NA,24493.51,106689.7,NA,29667.89,NA,2014.942,34116.64,492544.4,2967.083,1258595,NA,NA,145549.1,NA,708113,NA,NA,5136.001,7766.305,3242.186,NA,178833,2068561,NA,NA,NA,NA,NA,NA,NA,157571.7,79928.91,23346.35,NA,26441.46,68952.19,48106.07,4644.145,NA,29109.34,222592.5,NA,NA,27079.76,3958.92,6949.229,NA,12649.61,7922.547,83943.3,50884.35,NA,106419.4,57261.53,NA,NA,2582812,NA,10404897,56364.23
4/1/1996,NA,8097836,67422.35,186506.4,77339.72,93282.46,7154.114,NA,NA,NA,2801.759,327476.9,1693.008,275488.1,107634.3,28918.28,384494.8,NA,4716.376,3950.285,36981.97,748290.1,69035.58,610879.1,531420.7,10953.53,NA,2333061,251960.1,2722.464,43547.77,530732.4,456339.3,NA,NA,55905.75,NA,8382974,34675.36,NA,NA,24400.68,109926.5,152406,30293.64,NA,2035.004,34530.68,490017.1,3037.174,1273237,NA,NA,148204.4,NA,710882.2,NA,NA,5105.075,7855.425,3251.446,NA,181453.6,2096998,NA,NA,NA,NA,NA,NA,NA,159328.4,79819.42,23656.9,NA,26630.11,70538.11,48683.09,4656.754,NA,29645.84,221617.9,NA,NA,27051.58,3911.409,6443.995,NA,12748.73,7975.666,83502.34,53463.99,NA,112950.6,58672.59,NA,NA,2625883,NA,10520637,57419.85
7/1/1996,NA,8151826,71779.87,187996.9,77529.83,93754.29,6829.021,NA,NA,NA,2833.113,340630.3,1708.603,277899.9,107341.9,29188.74,394654.9,NA,4799.32,3956.203,37157.95,750806.9,69230.95,624444.6,535641.1,10995.74,NA,2378248,254110.8,2808.149,44122.77,533812,460360,NA,NA,56668.27,NA,8439070,35142.7,NA,NA,24381.14,112083.4,150591.1,30320.53,NA,2007.657,34938.35,490903.6,3109.693,1273769,NA,NA,150701.1,NA,734770.8,NA,NA,5309.485,7795.922,3353.586,NA,184639.9,2139238,NA,NA,NA,NA,NA,NA,NA,161560.2,82479.4,23895.18,NA,26948.46,71314.02,49343.47,4679.749,NA,29867.47,218787.7,155533.8,NA,27053.78,4012.525,6133.413,NA,13131.37,8116.999,83949.26,53586.61,NA,119192.9,59422.66,NA,NA,2649472,NA,10616114,58071.45
10/1/1996,NA,8218166,73078.42,189651.2,77821.25,94502.2,8267.97,NA,NA,NA,2855.243,336975.5,1605.601,280109,107904.4,29576.11,405548.8,NA,4847.42,3999.013,37165.02,756223.7,69254.4,640111.6,527706.4,11001.75,NA,2400661,255482.7,2865.955,45121.82,534351.6,463906.8,NA,NA,57263.64,NA,8505082,35946.92,NA,NA,24678.29,115731.1,157096.7,30854.61,NA,2053.693,35468.77,490677.8,3099.023,1288581,NA,NA,152898.7,NA,738793.5,NA,NA,5335.483,7931.679,3567.126,NA,190075.1,2162685,NA,NA,NA,NA,NA,NA,NA,162708.5,81156.22,24036.15,NA,27472.56,69031.96,49482.81,4690.266,NA,29806.71,218241.8,162253,NA,27773.43,4037.645,6227.623,NA,13161.19,8232.113,84361.03,53255.36,NA,113192.6,59724.1,NA,NA,2676976,NA,10705125,58622.28
1/1/1997,NA,8266378,71844.05,190824.7,78131.43,95368.06,6799.933,NA,NA,NA,2884.601,339576.5,1663.394,283798.5,108712.9,30230.45,414193.7,NA,4855.631,4013.604,37108.88,752161.1,70123.62,646039.9,533803.9,11139.01,NA,2418662,258077.8,2969.506,45302.96,536220.3,470311.7,NA,NA,57582.74,NA,8559511,36487.62,NA,NA,24913.56,114464,157844.9,31982.66,NA,2129.52,35923.89,491973.1,3127.767,1292221,NA,NA,153806.2,NA,741729.5,NA,NA,5416.31,8057.52,3502.301,NA,190398.1,2173873,NA,NA,NA,NA,NA,NA,NA,164483.7,83335.27,23913.07,NA,27848.33,73311.98,50296.72,4732.332,NA,29103.04,221652.5,163025.8,NA,28613.09,4088.073,6355.087,NA,13504.36,8298.342,85164.13,51077.21,NA,112735.2,60674.16,NA,6945.815,2694261,NA,10771275,58790.63
4/1/1997,NA,8363020,72745.05,196473.9,78431.6,96788.58,7045.539,NA,NA,NA,2952.755,342930,1769.715,287001.1,109498.6,30867.34,423273.2,NA,4989.791,4038.381,36888.55,762304.9,71328,659257.7,542346.5,11348.88,NA,2456141,260412.9,3093.994,46570.98,542314.4,474371.7,NA,NA,58578.71,NA,8660585,37166.13,NA,NA,25165.35,116046.4,157316.1,33355.15,NA,2141.215,36125.72,498714,3146.572,1283742,NA,NA,159113.5,NA,753466,NA,NA,5575.994,8230.935,3650.472,NA,194820.8,2207001,NA,NA,NA,NA,NA,NA,NA,166195.5,85345.47,24474.78,NA,28143.72,74338.33,50753.81,4879.295,NA,28582.22,219609.5,162479.6,NA,29568.2,4110.11,6698.689,NA,13722.61,8478.455,86177.68,52550.84,NA,121031.1,61791.71,NA,7599.839,2738956,NA,10905092,59150.28
7/1/1997,NA,8433359,77841.41,196718.3,79433.43,97634.37,7195.071,NA,NA,NA,2962.153,347202.3,1805.667,290428,110808.4,31551.34,429636.1,NA,5050.057,4097.433,36659.81,764630,71126.72,667189.9,561973,11585.2,NA,2504688,263489.7,3178.2,47327.13,546382.9,477858.1,NA,NA,59512.53,NA,8733638,37359.01,NA,NA,25402.35,117758.1,157596,34057.89,NA,2127.926,36156.88,501699.7,3167.116,1286599,NA,NA,160356.2,NA,769234.6,NA,NA,5761.06,8423.515,3729.46,NA,198602.5,2252235,NA,NA,NA,NA,NA,NA,NA,168610.8,85253.71,24891.23,NA,28142.94,74933.03,51414.05,5078.701,NA,28117.26,224899.6,162768.8,NA,30037.62,4091.996,7125.375,NA,14156.89,8536.763,86962.29,51937.04,NA,132257.7,63040.7,NA,7451.589,2773240,NA,11020724,59273.88
10/1/1997,NA,8501013,78723.3,199454.2,80358.97,98201.57,8155.548,NA,NA,NA,2999.115,349755.4,1884.603,293228,111818.9,32240.58,440126.4,NA,5225.626,4155.246,36570.77,770046.9,71116.93,676659.8,552404.2,11643.26,NA,2522716,267122.4,3276.971,48257.56,552362.7,483533.4,NA,NA,60077.51,NA,8805391,36336.05,NA,NA,25628.93,117449.5,162733.4,34896.29,NA,2179.885,36785.97,510058,3177.791,1287076,NA,NA,159453.9,NA,779223,NA,NA,5870.226,8429.813,3799.732,NA,203395.5,2266345,NA,NA,NA,NA,NA,NA,NA,170774,86458.3,24519.15,NA,28920.33,76731.42,51759.8,4774.146,NA,27943.09,226358.5,168074.7,NA,29790.13,4124.747,7296.673,NA,13406.51,8595.072,88509.62,49884.12,NA,119303.9,63945.01,NA,7513.585,2797115,NA,11107364,59363.37
1/1/1998,NA,8531987,76239.43,200933.4,81018.1,98445.02,7524.278,NA,NA,NA,3076.483,342497.5,1747.046,297351,112577.7,32558.15,443282.4,NA,5329.513,4226.273,36649.25,777290.6,72189.28,668515.4,548225.8,11595.84,NA,2503595,269457.4,3304.167,48095.63,557186.1,487729.7,NA,NA,60798.59,NA,8838833,35468.13,NA,NA,25852.46,108833.9,165557.3,35339.93,NA,2123.236,37351.8,506613.9,3235.725,1272454,NA,NA,148256.5,NA,771411.2,NA,NA,5962.636,8547.479,3910.996,14126.61,205339,2245697,NA,NA,NA,NA,NA,NA,NA,173077.1,87292.33,24494.1,NA,28506.02,77959.13,52508.99,4985.608,NA,28220.58,218668.1,170991.3,NA,29016.73,4155.619,7170.565,NA,14101.92,8647.099,88918.46,48098.52,NA,122305.8,63969.93,NA,7596.506,2825002,NA,11123559,59438.34
4/1/1998,NA,8573976,77553.68,202850.6,81897.36,98777.56,7578.307,NA,NA,NA,3094.681,348006.5,1831.934,297505.7,113931.8,33142.69,452730.7,NA,5330.677,4276.515,36693.18,774301.1,71643.96,667227.7,546440.1,11687.05,NA,2513413,272497.1,3285.505,49054.88,562181,492032.9,NA,NA,61070.72,NA,8882845,34877.5,NA,NA,26220.43,100608.6,167179.6,36185.66,NA,2335.529,37356.52,508537,3215.01,1267364,NA,NA,147295.6,NA,781459.7,NA,NA,6082.152,8763.913,3928.02,14178.32,206838.1,2253743,NA,NA,NA,NA,NA,NA,NA,174316.4,88281.45,24362.44,NA,28032.15,78193.01,53315.47,4899.203,NA,27879.81,216756.8,172666.8,NA,28805.11,4231.118,7294.484,NA,14170.26,8686.699,90091.98,46138.29,NA,122189.5,64364.32,NA,7621.973,2851169,NA,11176143,59522.38
7/1/1998,NA,8641993,80420.44,206747.9,82172.51,99092.54,7696.119,NA,NA,NA,3119.285,348942,1753.899,300272.2,113818.5,32908.87,463815.2,NA,5355.629,4371.219,36696.61,777967.7,72960.44,677556.5,534252.5,11674.09,NA,2519814,275092.2,3281.067,49845.34,566238.8,495392.8,NA,NA,61298.65,NA,8953134,34321.03,NA,NA,26445.23,98735.78,169082.9,37616.81,NA,2326.569,37658.44,509316.1,3202.174,1269552,NA,NA,149530.5,NA,786687.3,NA,NA,6144.744,8892.969,3915.491,14176.8,207784.8,2258770,NA,NA,NA,NA,NA,NA,NA,175803.8,86698.1,24586.41,NA,27913.56,78974.94,53906.44,4855.213,NA,27603.58,204795,174632.7,NA,28562.71,4218.882,6960.426,NA,14040.13,8770.816,90709.69,46759.15,NA,122795,65805.83,NA,7825.295,2886886,NA,11253131,59392.04
10/1/1998,NA,8721880,78424.63,209940.3,82412.65,99346.02,7793.412,NA,NA,NA,3100.197,344771.3,1820.067,304329.4,113433.1,31851.46,480669.6,NA,5506.852,4426.829,36718.84,774492.8,73194.41,695648.8,532282.6,11726.55,NA,2534326,278094.7,3222.009,50580.9,570558.5,500393.3,NA,NA,61777.99,NA,9033213,34013.99,NA,NA,26483.4,96848.68,171931.5,36794.3,NA,2401.907,37997.65,506996.6,3343.534,1279508,NA,NA,153029.1,NA,779104.5,NA,NA,6137.967,8935.586,3885.666,14521.4,208107.8,2274276,NA,NA,NA,NA,NA,NA,NA,177412.7,87141.5,25100.89,NA,28045.13,78738,54312.48,4763.033,NA,27650.76,206414.1,177574.7,NA,29076.73,4238.355,6826.475,NA,14672.21,8843.599,91580.67,48675.65,NA,119611.8,65815.94,NA,7798.526,2933586,NA,11349585,59449.36
1/1/1999,NA,8779622,74563.11,211538.1,83320.68,100380,7820.257,NA,NA,NA,3103.094,344518.1,1993.54,309831.4,113502.3,31839.25,481138.6,NA,5493.14,4440.732,36689.38,783486.8,73857.54,701749.7,539375.6,11162.75,NA,2549836,280874.2,3197.089,50963.77,573551.7,503549.3,NA,NA,62233.84,NA,9092793,34370.96,NA,NA,26502.17,101639.1,175403.4,38798.64,NA,2398.997,37684.88,509935.5,3236.286,1262994,13604.46,NA,157686,NA,776112.4,NA,NA,6029.294,9171.184,3969.965,13802.92,210375.2,2288367,NA,NA,NA,NA,NA,NA,NA,180370.4,87771.65,25329.87,NA,28644.83,79682.87,55034.32,4657.87,NA,27530.63,215140.4,181160.6,NA,29596.45,4298.868,6567.401,NA,14486.72,8974.007,92758.19,48554.17,NA,116584.1,67836.13,NA,7587.972,2961281,NA,11423630,59996.04
4/1/1999,NA,8841764,73444.61,212315.6,84108.63,101736.6,7870,NA,NA,NA,3062.951,346564.6,1917.734,312434.1,114525.2,31923,488411.4,NA,5564.628,4491.525,36943.94,783576.2,74238.87,710194.9,549555.8,10859.75,NA,2579841,284211,3227.585,51353.51,578318,504588.2,NA,NA,62836.12,NA,9157874,35128.72,NA,NA,26770.81,101887.8,179948.7,39255.73,NA,2346.154,39286.53,512008.6,3358.384,1267588,13235.5,NA,164809.2,NA,778338.4,NA,NA,6079.072,9419.112,3929.245,14253.22,211582.3,2315266,NA,NA,NA,NA,NA,NA,NA,182377.9,87811.67,25500.88,NA,28874.43,81037.47,55321.73,4692.552,NA,27454.33,223104.3,185855.1,NA,30344.08,4286.146,5722.36,NA,14364.2,9304.329,93250.98,48745.61,NA,117550.6,68887.83,NA,7619.611,2984106,NA,11514850,60473.59
7/1/1999,NA,8947514,76422.43,214739.3,85236.79,103207.3,7992.107,NA,NA,NA,3112.812,347217.1,1971.323,317293.1,115252.1,32584.32,499531.3,NA,5603.845,4577.281,37315.92,792480.8,74697.76,723832,558636.1,10838.49,NA,2615857,287992.3,3255.009,51514.07,585249.4,513866.6,NA,NA,63080.63,NA,9268403,35831.08,NA,NA,27256.3,101746.1,181291,41108.52,NA,2359.443,39463.33,516370.8,3416.186,1274710,13463.73,NA,169098.3,NA,785211.5,NA,NA,5969.412,9731.233,4005.918,14568.17,213299.2,2346788,NA,NA,NA,NA,NA,NA,NA,184889.5,89615.91,25875.12,NA,29040.66,82739.26,55864.12,4897.178,NA,27753.8,227652.1,187241.4,NA,30909.85,4289.376,6196.125,NA,14220.46,9152.072,94142.15,50426.42,NA,117998.7,69513.05,NA,7513.127,3023165,NA,11657043,61134.01
10/1/1999,NA,9064444,77759.28,218355.1,85989.72,104432,7622.311,NA,NA,NA,3160.765,352393.4,1955.255,321803.1,117983.5,33439.33,514338.5,NA,5711.743,4655.879,37690.64,798753.6,75742.59,741379.5,566629.8,10881.73,NA,2660663,291254.8,3345.928,52281.2,593205.6,521271,NA,NA,64094.56,NA,9390344,36826.09,NA,NA,27574.13,102767.9,183803.2,42087.47,NA,2454.087,40235.24,523746.3,3416.011,1275530,14367.95,NA,174156.1,NA,796226.2,NA,NA,5974.834,9791.54,4089.537,14680.58,215509.5,2386759,NA,NA,NA,NA,NA,NA,NA,187489.6,91157.63,26236.47,NA,29403.99,84311.29,56184.99,4958.571,NA,27997.83,231865.7,189836.1,NA,31173.97,4330.847,6296.998,NA,13787.49,9312.659,95842.02,50737.09,NA,118328.9,71180.25,NA,7533.193,3074545,NA,11818587,61806.24
1/1/2000,NA,9156257,74624.98,219248.8,86946.53,105195,8122.256,NA,NA,NA,3185.683,358643.8,1926.547,326926.7,118866.2,33770.86,520736.8,46526.24,5759.401,4743.7,38156.26,810072.7,76481.25,752735.2,579998.9,11152.35,NA,2704456,295925,3488.054,53885.44,598822.5,525242.4,NA,NA,64336.3,NA,9485358,37916.84,2531.91,11846.02,27824.84,105545.2,189123.4,42482.22,NA,2450.433,41088.59,529713.5,3414.861,1299381,14482.85,NA,177116.9,NA,804609,NA,NA,6142.896,10286.19,4134.75,14410.88,219467.9,2427289,1837.892,1801.186,NA,NA,NA,NA,NA,188657.6,92505.14,26924.83,NA,29870.97,85070.1,57435.29,4649.421,NA,28274.48,240640.8,195330.9,NA,32129.43,4317.061,6718.843,NA,14159.06,9390.768,96633.08,51774.31,7346.617,119461.2,71851.9,NA,7641.697,3085718,NA,11952895,62501.42
4/1/2000,NA,9259420,72812.87,221258,87560.63,105892.7,8194.111,NA,NA,NA,3199.715,360281.8,1950.033,330815.1,119388.5,33840.65,532468.7,46540.5,5770.498,4827.667,38689.33,816843.7,77351.95,765651.2,594042.5,11379.22,NA,2739195,299632,3546.657,53912.89,604476.7,528182,NA,NA,64922,NA,9591485,37971.92,2554.498,11926.05,28122.15,105865.8,189286.6,43662.83,NA,2473.811,42383.6,533410.9,3469.653,1302135,14965.44,NA,179853.1,NA,808317.9,NA,NA,6198.095,10187.15,4171.793,14217.36,223004.5,2459596,1829.576,1882.023,NA,NA,NA,NA,NA,190764.1,91169.21,26628.6,NA,30061.75,86005.87,57131.73,4774.059,NA,28665.1,245364.3,195499.5,NA,32796.16,4273.417,6908.253,NA,14484.92,9581.942,98905.29,51678.16,7422.742,125477.1,74169.92,NA,7399.456,3142159,NA,12091360,63076.5
7/1/2000,NA,9298918,76067.22,221664.5,88038.41,106316.9,8260.234,NA,NA,NA,3157.635,363944,2026.071,334163.4,120305.4,34355.4,543698.9,46801.79,5818.428,4826.153,39200.6,816549.9,77565.6,779452.1,603451.4,11657.68,NA,2780844,302857.4,3593.994,54734.9,608398.9,529625.7,NA,NA,66115.51,NA,9632739,38441.89,2575.192,12161.81,28349.08,107076.7,191751.2,44936.32,NA,2551.116,43659.25,536334.7,3528.272,1303113,15161.96,NA,184960.6,NA,818350.2,NA,NA,6260.811,10343.15,4259.361,14857.51,224746.1,2498693,1879.471,1845.619,NA,NA,NA,NA,NA,192338.6,92053.97,26720.9,NA,30571.16,86091.89,57968.69,4556.786,NA,28229.4,250904.3,198045,NA,33933.75,4396.746,6843.778,NA,14428.63,9684.63,99767.02,51706.95,7589.956,128405.6,74997.35,NA,7383.239,3146361,NA,12169554,63701.26
10/1/2000,NA,9353455,76373.85,220808.7,88891.4,107269.3,8333.724,NA,NA,NA,3206.914,368785.7,2041.797,334779.8,121495.1,34756.73,555474.1,46742.19,5883.153,4851.755,39424.19,813930.9,78324.02,795176.7,604936.1,11870.64,NA,2805127,305971.3,3667.845,55341.47,613318.1,530459.4,NA,NA,67050.71,NA,9690167,38720.43,2594.415,12553.27,28816.22,109650,191126.3,45436.18,NA,2550.895,43568.37,544841.7,3590.4,1315952,15402.49,NA,183628.8,NA,823007.1,NA,NA,6368.991,10426.37,4244.653,14732.04,223255.9,2520017,1652.015,1894.608,NA,NA,NA,NA,NA,194838.4,92090.17,26912.67,NA,30575.46,86866.71,58356.76,4797.443,NA,28418.83,251328,197399.6,NA,34189.97,4409.196,6264.816,NA,14443.04,9747.718,99510.35,52142.8,7749.064,128044.6,74209.81,NA,7253.787,3165939,NA,12248010,64243.14
1/1/2001,NA,9391772,73247.55,223054.2,88836.37,107187.7,8397.689,NA,NA,NA,3206.26,370294.2,1994.09,336518.9,121518.2,34997.52,567085.7,47081.22,5960.443,4897.868,39740.84,830373.1,77473.64,808491.9,603338.5,11841.88,NA,2819888,309232.4,3690.376,55861.58,616695.4,538048,NA,NA,67911.3,7357.158,9729631,38592.3,2626.408,12225.82,29077.35,109737.4,192268.4,45797.94,NA,2514.273,43106.17,546711,3630.211,1322657,16156.7,NA,185912.4,NA,822369,NA,NA,6553.564,10593.22,4298.174,15287.79,223527.3,2533764,1940.782,1842.458,NA,NA,NA,NA,NA,195049.6,93167.53,26689.42,NA,30656.37,87040.43,58174.19,4719.395,NA,29152.88,253073.5,198579.1,NA,33887.09,4441.338,6820.824,NA,14483.97,9849.04,99977.1,52885.45,7802.093,122295.6,73913.58,22041.12,7373.942,3156962,NA,12301089,64660.38
4/1/2001,NA,9416502,72304.33,224943.2,88696.29,107130,8479.133,NA,NA,NA,3213.97,368676.6,2014.037,337433.1,121839,35362.21,577654.1,47198.26,5966.066,4924.71,39910.92,830079.2,77851.83,822368,603298.5,11967.69,NA,2836440,311531.7,3746.93,55618.68,617433.1,542549.4,NA,NA,67706.86,7344.937,9755246,38536.17,2631.149,12468.53,29331.58,111217.9,196437.9,46393.13,NA,2621.45,42848.87,545352.3,3681.499,1316507,16984.34,NA,188847.7,NA,818586,NA,NA,6542.352,10380.94,4572.317,15635.94,222168,2549262,1758.829,1866.794,NA,NA,NA,NA,NA,196036.8,93002.04,27517.31,NA,31014.33,86866.36,58737.02,4642.181,NA,29425.05,257494.7,202885.5,NA,33009.43,4403.846,6859.991,NA,14817.62,9871.845,99864.46,53528.71,7812.133,115990.6,72388.62,22524.47,7130.581,3175393,NA,12341667,64983.58
7/1/2001,NA,9402795,72453.01,227600,88802.6,106915.4,8591.282,NA,NA,NA,3245.437,365911,2036.197,337198.3,121463.6,35325.57,587396.9,47585.24,6036.655,5084.522,40065.95,828444,78550.79,832946.5,617327.3,11976.32,NA,2864128,314422.7,3837.963,56037.23,619751.1,546872.3,NA,NA,68800.91,7353.159,9741990,38506.63,2611.368,12568.88,29581.87,110882.4,198709.1,46495.79,NA,2571.806,42408.38,543114.1,3700.315,1303018,17407.4,NA,191631,NA,816284.8,NA,NA,6678.625,10537.2,4459.555,15649.37,222230.2,2575258,1638.368,1898.092,NA,NA,NA,NA,NA,196377.3,94146.83,27460.78,NA,31401.91,87300.7,58822.97,4644.86,NA,30007.34,265424.8,205231.2,NA,32271.83,4346.53,6975.587,NA,14755.56,9934.386,100240.6,53682.61,7785.759,118645.3,71404.49,23719.43,7061.245,3162214,NA,12352240,65156.21
10/1/2001,NA,9426997,68597.86,230346.3,89122.78,106861.5,8705.063,NA,NA,NA,3303.777,366839,1900.94,339270.1,121406.2,35564.62,600320,47877.2,6077.645,5102.829,40256.23,827575.2,78395.86,848403.7,610768.4,12123.59,NA,2876518,316609.2,3886.097,55878.05,619926.5,548902.2,NA,NA,68999.83,7491.125,9767272,38274.23,2666.411,12907.1,29831.38,111739.9,203488.9,47202.2,NA,2709.635,42154.62,543310.9,3738.893,1299208,17543.92,NA,194375.3,NA,813082.2,NA,NA,6850.137,10772.4,4594.787,16041.12,221182.4,2586508,1630.504,1858.968,NA,NA,NA,NA,NA,197010.8,94965.18,27873.66,NA,31510.69,87213.4,59645.99,4631.765,NA,30260.33,262362.8,210168,NA,32483.31,4354.696,7336.652,NA,15371.17,10019.19,101165.8,54330.33,7851.383,114314.3,73802.64,23360.9,6967.92,3170809,NA,12388535,65657.24
1/1/2002,NA,9474076,61273.98,232052.2,89800.68,107837.8,8846.215,NA,NA,NA,3265.727,371808.3,2048.054,344308,121724.6,35882.19,613936,47453.94,6105.003,5123.477,40302.73,823321,78369.63,866273,620998.4,12286.53,NA,2905895,317944,3927.745,56174.47,621615.9,551332.9,NA,NA,69548.24,7508.059,9816282,38301.66,2673.239,12950.22,30504.78,113718.8,204778.3,48353.47,NA,2541.515,42349.37,542936.5,3805.596,1301041,17918.5,NA,199303.6,NA,809295.2,NA,NA,6868.742,10910.97,4629.515,15899.55,219813.1,2613677,1744.963,1931.84,NA,NA,NA,NA,NA,195808.5,93988.96,28193.51,NA,31791.72,87475.04,59752,4784.336,NA,30933.76,263835.3,211499.6,NA,33469.91,4394.029,7188.857,NA,15126.78,10185.23,101058.9,55259.96,7851.051,120739,75341.45,23303.43,6760.949,3198600,NA,12463867,66509.22
4/1/2002,NA,9540642,62124.14,236102.8,90053.32,108790.2,8984.249,NA,NA,NA,3324.53,377108.4,2082.225,346281.3,121816.4,36173.59,627780.7,49088.22,6195.797,5200.974,40412.28,826898.1,78361.88,884981.5,632448.8,12460.21,NA,2954987,320539.1,4037.895,56942.96,624949.3,554124.8,NA,NA,71106.43,7626.861,9885043,38887.78,2719.021,13106.68,30658.26,115519.4,206698.5,48677.34,NA,2637.451,42545.3,545404.7,3873.021,1310972,18196.45,NA,203015.1,NA,820163,NA,NA,7073.768,11100.73,4789.398,16065.2,221726.9,2659982,1782.555,1919.909,NA,NA,NA,NA,NA,196490.8,95941.84,28452.54,NA,32140.99,87824.94,59474.75,4692.597,NA,31258.43,268359.9,213482.9,NA,34429.21,4473.419,7408.326,NA,15289.15,10198.62,102597,56860.19,7891.911,125453.2,77140.55,23570.62,6823.847,3217986,NA,12577159,67314.52
7/1/2002,NA,9585494,65568.68,236994.8,90438.54,109368.7,9118.236,NA,NA,NA,3365.38,381626.6,2070.12,349328.3,122022.4,36550.49,643868,48910.28,6258.705,5159.679,40736.91,831139.6,78628.35,904531.5,646961.1,12543.7,NA,3005734,322504.1,4110.949,56765.94,627203.5,558353.5,NA,NA,71523.61,7754.578,9931822,39499.11,2787.046,13335.06,30963.34,116975.5,207553.9,49760.18,NA,2624.324,42584.25,546763.3,3940.909,1315111,19043.85,NA,207773.7,NA,830016.9,NA,NA,7196.365,10956.26,4816.09,16244.02,223231.3,2707766,1770.175,1931.838,NA,NA,NA,NA,NA,196795.7,94517.97,28901.91,NA,32356.15,88439.7,59205.05,4586.9,NA,31384.44,276966.2,214366.4,NA,34451.41,4478.587,7661.514,NA,15800.43,10290.52,103108,57487.92,7915.325,127150,76912.55,24919.67,6421.389,3232216,NA,12669344,67866.77
10/1/2002,NA,9612869,66637.94,238631.3,90572.37,109716.3,9209.031,NA,NA,NA,3342.242,386102.3,2240.403,351243,121554.8,37025.1,658754.8,49040.71,6272.863,5270.763,41032.56,829696,78368.71,921630.7,651366.2,12581.79,NA,3039298,324950.6,4148.273,57203.7,627499.9,563150.2,NA,NA,72063.73,7798.593,9961175,39770.52,2751.543,13407.98,31275.15,117182.4,208348.2,50146.38,NA,2684.825,42490.53,548713.8,3984.796,1318635,19589.41,NA,209444.1,NA,837003,NA,NA,7281.505,10937.23,4984.961,16481.79,223925.9,2738550,1757.186,1911.224,NA,NA,NA,NA,NA,197090,95585.36,29557.36,NA,32836.65,89147.22,58763.07,4576.215,NA,31936.76,278405,215186.7,NA,34394.58,4467.581,7718.6,NA,15898.6,10465.58,103369.8,57994.99,8006.398,127916.3,78365.17,24684.37,6328.713,3237277,NA,12727932,68320.07
1/1/2003,NA,9629261,64450.86,238653.9,90739.97,109265.8,9337.269,NA,NA,NA,3375.576,381310.5,2205.887,353166.7,120700.9,37470.05,678054.8,49441.07,6350.765,5262.641,41487.31,817418.6,78788.82,946424.4,661121.9,12746.23,NA,3075855,327990.2,4245.565,56698.69,628228.3,566888.2,1842.016,NA,73558.38,7816.14,9979056,39737.93,2794.902,13744.7,31531.18,119456.2,211376,49441.19,NA,2724.635,42954.85,547194.1,3956.203,1319342,19898.37,NA,207839.9,NA,831788.5,NA,NA,7629.458,10836.05,5068.307,16622.85,224520.8,2772553,1738.031,1951.31,NA,NA,NA,NA,NA,197124.3,95608.08,29746.26,NA,33123.8,89325.51,58824.79,4721.173,NA,31409.22,284673.8,218313.9,NA,34853.75,4506.973,7675.903,NA,16149.38,10465.44,104452.5,59451.94,8004.832,129770.6,78990.68,25453.78,6294.805,3255232,NA,12777776,68952.35
4/1/2003,NA,9668212,66437.91,239474.2,90895.06,109380,9427.073,NA,NA,NA,3425.731,380051.5,2353.881,352648.9,120984,37784.13,683684.1,50275.91,6416.633,5274.204,41814.51,818287.4,78056.07,955426.6,670520.1,12502.9,NA,3107899,329695.1,4342.288,57631.87,626883.2,572195.1,1911.685,NA,74869.3,7843.021,10021556,38771.2,2818.981,13945.2,31900.67,121096.1,217117.1,49845.73,NA,2641.384,42837.53,545346.8,4015.926,1327885,20365.37,NA,207850.8,NA,834509.7,NA,NA,7735.914,11125.93,5175.349,17453.11,224962.6,2800363,1758.96,1961.456,NA,NA,NA,NA,NA,196443.3,95152.81,29781.32,NA,33358.81,90933.38,58301.94,4796.831,NA,31835.26,289122.1,224243.5,NA,34375.13,4499.088,7960.54,NA,16293.59,10487.56,104004.7,60414.07,8240.817,130240.9,76550.07,26188.15,6620.777,3283213,NA,12847055,69289.04
7/1/2003,NA,9776278,72527.42,243207,91272.78,109807.9,9535.35,NA,NA,NA,3393.264,383930.1,2246.65,353989.1,122154.7,38031.91,709015.2,50876.67,6521.849,5351.15,42288.7,824662.4,78324.02,985874.6,683164.3,12775.88,NA,3175865,331883,4383.025,58534.85,631189.6,578091.1,1960.053,NA,75344.5,7886.148,10133673,41149.81,2865.032,14004.51,32253.42,122337.2,222840.8,50514.25,NA,2652.672,43172.74,546186.5,4094.963,1333071,20729.06,NA,212214.7,NA,846412.5,NA,NA,7946.977,11171.36,5288.656,17328.4,224950,2863659,1836.272,1975.493,NA,NA,NA,NA,NA,196617.5,96489.76,30213.52,NA,34325.36,92297.4,58819.32,4942.542,NA,32509.52,294594.9,230155,NA,36317.94,4542.553,7829.071,NA,16348.9,10601.18,105356.7,61510.81,8396.208,134007.5,80699.48,26394.78,6723.622,3338986,NA,13020471,69665.04
10/1/2003,NA,9878146,74995.58,247651.9,91556.69,110633.6,9729.005,NA,NA,NA,3463.544,388623.9,2279.368,356409.2,123647.6,38328.54,728351.3,51520.19,6600.788,5411.441,42740.08,826898.1,79783.24,1008176,693895.1,13205.18,NA,3238018,334736.8,4498.296,58643.27,636086.1,582972.1,2030.252,NA,76948.28,7931.737,10239034,41582.04,2948.952,14042.06,32628.94,122559.8,232977,53139.44,NA,2707.307,43323.34,550351.9,4195.181,1347830,20658.24,NA,217424.4,NA,858098.2,NA,NA,8083.867,11500.63,5339.045,17372.37,227296.9,2921836,1873.456,1999.176,NA,NA,NA,NA,NA,197670.7,96520.69,30662.88,NA,34735.53,93128.08,59041.62,4961.834,NA,32608.09,299417.8,240623.9,NA,37347.35,4544.841,7875.816,NA,16730.04,10692.94,106100,62515.54,8511.843,136711.9,84201.01,27740.12,6865.587,3377281,NA,13182224,70066.97
1/1/2004,NA,9944484,71435.74,249812.7,92652.32,112339,9843.622,NA,NA,NA,3518.747,395687.7,2266.375,358982.1,124466.8,39270.79,746196.9,52496.69,6653.645,5494.444,43218.4,825543.9,80167.53,1030845,712590.2,13541.42,NA,3292133,336738.9,4600.026,59113.97,641600.7,586142.2,2007.063,NA,78362.81,8013.221,10310141,42770.13,2981.763,14366.05,33049.45,124465.9,229656.4,53137,NA,2868.852,44341.69,552899.9,4262.464,1358292,21775.1,NA,220107.8,NA,867267.8,NA,NA,8171.594,11412.05,5459.162,17617.74,230183.2,2970157,1764.131,1962.694,NA,NA,NA,NA,NA,199459.1,99940.09,31323.34,NA,35497.7,94897.51,59574.63,4927.784,NA,34099.01,305811.2,237194.3,NA,38458.41,4503.216,8167.354,NA,16943.61,10776.1,107837.8,63321.69,8672.734,142192.4,84181.14,28749.72,6956.779,3395331,NA,13299799,71127.65
4/1/2004,NA,10002145,70566.32,251762.2,93147.61,113445.8,10036.01,NA,NA,NA,3554.91,403849.6,2231.69,363231.9,124973.7,40127.54,760680.8,52486.76,6747.39,5553.634,43610.52,829696,80644.89,1049704,725160.9,13774.78,NA,3350577,340037.2,4571.464,59769.94,645836.7,588239.7,2038.055,NA,78361.43,8041.51,10371029,43541.66,3025.035,14385.43,33416.97,126403.5,235750.2,54041.4,94424.91,2830.717,44760.93,554741.7,4334.117,1357442,22176.42,NA,221723.5,NA,880267.9,NA,NA,8310.948,11459.36,5590.717,18236.73,234086.4,3024191,1828.182,1943.657,NA,NA,NA,NA,NA,200410.7,100145.9,31393.46,NA,35834.63,95941.38,59915.43,5114.23,NA,34750.74,311573.1,243488.1,NA,39027.07,4540.013,8255.546,NA,16851.64,10903.64,108499.4,64299.13,8725.727,145199.5,84517.09,29411.96,6850.108,3421212,NA,13412235,72121.65
7/1/2004,NA,10064057,74138.15,253519.7,93815.5,114442.2,10247.41,NA,NA,NA,3592.371,409556.5,2396.72,367543.7,125314.7,41259.98,780128.8,53108.25,6766.306,5628.653,44340.19,828047.9,80834.91,1073481,734325.6,13922.19,NA,3410095,343225.4,4672.17,60276.32,648100.2,589215.3,2035.899,NA,79415.42,8156.111,10435754,44037.27,3027.689,14474.96,33802.4,127938.6,242347.9,54123.28,96797.89,2880.826,45338.56,555409.3,4484.584,1366010,22480.78,NA,222976.4,NA,891778.9,NA,NA,8357.645,11611.6,5635.931,18159.16,233774.2,3079738,1940.815,1968.866,NA,NA,NA,NA,NA,200710.3,98989.52,31469.31,NA,36487.95,95941.38,59939.13,5067.754,NA,35917.69,316686.4,250302.3,NA,39292.98,4602.878,8570.195,NA,17483.46,11047.57,109233.2,65024.58,8885.044,145712.6,85563.52,30163.36,6943.513,3453586,NA,13530932,73300.87
10/1/2004,NA,10122659,75212.68,255360.3,93963.08,114817.4,10388.5,NA,NA,NA,3561.453,413133.7,2436.387,370178.9,125509.2,41841.03,796003.5,54800.83,6846.483,5693.349,45176.19,827281.4,81708.55,1095525,740601.4,14198.32,NA,3453635,345597.7,4769.803,61472.99,652893,591153.9,2127.992,NA,79123.95,8254.222,10497866,44920.12,3105.599,14684.9,33964.33,130956.7,245009.4,55408.99,94710.14,3008.216,45882.44,556134.7,4564.379,1363158,23032.73,NA,224457.2,NA,902602.2,NA,NA,8579.675,11777.11,5792.682,18065.25,236644,3119074,2013.768,2047.091,NA,NA,NA,NA,NA,201147.2,99962.08,31526.56,NA,36801.48,97284.55,59761.77,5103.317,NA,36484.29,317364.2,253051.3,NA,40197.03,4608.234,9130.306,NA,17692.01,11087.71,110233.2,66549.76,8937.582,147349.6,87027.41,30284.82,7091.189,3488157,16973.81,13631509,74083.6
1/1/2005,NA,10188704,77392.32,257116.1,94095.66,115251.6,10612,NA,NA,NA,3673.242,411887.6,2372.894,371447.4,127013.5,41821.84,825915.7,54588.34,6865.359,5778.416,45932.64,827179.2,81411.98,1128160,756805.7,14372.12,NA,3514006,348971.6,4853.895,61381.04,654470.7,596122.1,2173.553,NA,78623.89,8267.865,10566011,45404.58,3154.161,14541.3,34349.53,132165.6,250697.3,56067.74,93848.58,2919.356,46178.22,554800.9,4638.814,1369531,23844.21,NA,226142.8,NA,904161.5,NA,NA,8741.7,11714.12,5946.3,18029.38,237043,3176262,1939.301,1995.027,NA,NA,48726.27,NA,NA,201796.5,101591.5,31583.09,NA,37316.91,97868.26,60221.33,5021.883,NA,36612.4,323718.9,258925.8,NA,40451.87,4609.199,8656.181,NA,17880.9,11228.77,110696.5,65756.03,8908.148,155454.1,87422.21,30183.79,7214.644,3526740,17329.38,13755406,74836.75
4/1/2005,NA,10261726,79038.01,258236.5,95486.46,115832.6,10761.41,NA,NA,NA,3706.052,421785.5,2360.997,374101.9,128437.3,42500.61,841427.5,55493.58,6952.166,5810.076,46653.37,831816.7,83014.87,1147928,766028.8,14573.05,NA,3575483,352048.4,5044.268,61743.33,655684.2,603533.5,2245.876,NA,78829.72,8435.352,10642947,46823.29,3186.894,15061.26,34919.7,133905,257880.2,57127.35,97045.29,3102.953,46661.9,560267.1,4751.446,1378873,24079.96,NA,230901.7,NA,919455.3,NA,NA,8876.248,11858.32,6073.906,18374.24,237761,3232712,2018.765,2066.94,NA,NA,49121.75,NA,NA,203216.7,102124.3,32366.62,NA,37609.34,98455.47,60443.37,5140.599,NA,36458.67,329638.3,266344.5,NA,41501.97,4704.29,8881.945,NA,18348.16,11397.96,111443.6,67191.01,9075.297,156105.8,88906.81,30344.03,7450.466,3543070,17706.69,13887916,76179.78
7/1/2005,NA,10354700,79573.84,260890.1,96096.82,116285.6,10901.97,NA,NA,NA,3716.501,418213.8,2473.69,378698.1,129726.3,43489.97,867331.6,55453.42,7074.364,5899.136,47331.18,838690,83107.39,1177459,778947.6,14592.01,NA,3631876,355458.2,5166.025,61951.93,658911.3,610407.9,2288.522,NA,79918.24,8367.575,10740832,47707.82,3252.601,15259.59,35188.98,135329.6,262075.8,57034.46,100020.4,3137.852,47213.56,563970,4802.337,1392296,24634.07,NA,233994,NA,919740.5,NA,NA,9128.834,12080.52,6357.855,18779.67,239938.8,3283593,1968.751,2067.699,NA,NA,49518.86,NA,NA,205946.1,102971.5,32457.49,NA,38125.78,100129.2,60158.17,5088.242,NA,37174.8,336416.5,270677.8,NA,42565.68,4693.874,9176.939,NA,18704.62,11493.55,112720.8,68113.75,9179.225,157705.1,89570.79,30757.89,7548.851,3574585,18047.72,14036178,77218.66
10/1/2005,NA,10428025,81138.28,263292.8,96919.79,117225.5,11085.47,NA,NA,NA,3752.266,422120.1,2550.327,382449.7,130899.8,44095.45,897125.7,56565.53,7170.246,5967.961,48075.36,842650.4,83377.18,1211811,793106.6,14832.86,NA,3701666,359053.7,5283.572,62113.86,663712.2,619564,2287.812,NA,80305.03,8455.276,10817680,48282.79,3281.017,15394.41,35602.13,137378.7,268080.4,58925.14,96299.27,3162.022,48014.5,565343.7,4905.084,1394609,25559.71,NA,236540.6,NA,932091.3,NA,NA,9333.614,12083.87,6563.36,19043.16,243737.9,3348458,2004.421,2087.999,NA,NA,50392.99,NA,NA,207244.8,103203.1,32516.88,NA,38479.24,101030.4,60238.13,5379.775,NA,38098.42,341006.7,276879.5,NA,43983.2,4742.238,9331.821,NA,18674.19,11683.77,113551.4,69023.31,9286.409,163002.6,93873.13,31042.12,7697.8,3597219,18390.2,14176769,77735.64
1/1/2006,NA,10525773,83310.98,264009.8,97815.31,117942,11252.99,NA,NA,NA,3843.543,429363.2,2648.82,385529.7,132335.9,44468.86,927717,57741.57,7251.987,6025.223,49159.07,850775.6,84424.97,1246696,808336.6,14990.26,NA,3787071,363169.3,5404.419,63840.23,669096.5,622038.2,2363.578,7983.147,82950.37,8686.872,10919777,49350.21,3356.831,15491.66,35935.17,139240.3,275815.2,59412.78,98226.02,3137.643,48883.67,567528.3,5018.531,1396910,25768.4,NA,240484,NA,948740.7,NA,NA,9377.97,12408.59,6610.616,19481.3,248033.3,3427947,2109.852,2065.024,NA,NA,51456.3,NA,1971.777,208536.9,103863.6,32827.43,NA,39082.12,102747.9,60730.51,5382.676,NA,38672.03,348457.1,284868.2,NA,44709.38,4897.394,9605.669,NA,19305.55,11785.23,115266.7,69375.7,9419.107,166367.2,92997.33,31565.33,7770.507,3645065,18775.06,14357057,79101.36
4/1/2006,NA,10586318,84253.29,264663.2,98504.46,118333.5,11453.88,NA,NA,NA,3863.172,431293.2,2605.96,385736.1,133492.9,45391.91,952271.5,58696.05,7429.041,6126.947,50039,865569.7,86942.87,1275075,827077.4,15196.48,NA,3851833,366690.5,5517.527,63792.2,675853.8,623602.9,2406.993,8110.168,83179.67,8674.021,10984727,49847.4,3357.888,15674.56,36410.42,140627.8,277471,59378.56,99633.8,3276.088,49823.41,570924.2,5081.12,1400727,26785.84,NA,242090.9,NA,956317,NA,NA,9589.034,12399.47,6883.806,20082.42,250474.9,3486821,2088.683,2088.48,NA,NA,51934.14,NA,1949.507,211659.6,103993.5,32748.01,NA,39680.29,104494.6,61316.66,5331.713,NA,40029.53,356147.1,286578.3,NA,45198.45,4781.981,9850.779,NA,19922.08,12028.98,117169.2,70283.21,9529.423,170982.2,93643.45,32335.86,7731.875,3653564,19204.3,14479903,80224.81
7/1/2006,NA,10624103,86599.23,268447.6,99548.81,119336.2,11708.8,NA,NA,NA,3909.223,437194.2,2677.691,386830.2,134585.7,45985.18,975821.3,59904.48,7595.131,6152.825,50656.33,872136.4,86363.03,1302856,837714.3,15374.7,50097.37,3921440,370100.3,5642.357,64342.5,675775.4,624243.9,2517.076,7900.903,83573.37,8887.084,11026407,50732.24,3453.377,15890.83,36641.32,142987.8,288111.9,60616.61,101517.9,3255.304,49447.61,572911.9,5152.859,1398240,27823.52,NA,245843.9,NA,968498.3,NA,NA,9755.494,12540.19,7080.186,19941.23,251251.4,3550475,2073.928,2095.318,NA,NA,52337.23,NA,1969.458,212925.3,105060.7,33309.72,NA,39929.13,106584.5,61247.51,5463.551,NA,40406.28,364275.2,297568.5,NA,46036.8,4882.414,9932.937,NA,20129.11,12234.49,118446.4,71141.85,9618.252,168024.7,95260.14,33181.38,7781.655,3659199,19541.41,14583914,81332.82
10/1/2006,NA,10734555,88499.9,271723.8,100803.3,120631.2,11917.53,NA,NA,NA,3939.833,442368.7,2649.903,388296.2,136702.3,46922.19,1010897,60815.76,7821.171,6256.338,51357.71,885474.1,86129.06,1343986,853387.6,15378.94,50779.45,4007122,373660,5784.596,65049.25,680851.3,627487.2,2547.247,8125.246,85699.31,9060.257,11142028,51525.22,3552.038,16128.41,36967.28,145552.5,294422.4,61370.68,104826.1,3299.909,50275.22,580152.5,5395.772,1416318,28242.29,NA,247991.4,NA,979064.7,NA,NA,10039.99,12859.01,7382.928,20481.26,251793.8,3629580,2073.642,2123.585,NA,NA,53076.27,NA,2015.389,214680.7,106983.5,33582.34,NA,40784.43,108183.2,61683.63,5468.873,NA,40977.65,369990.7,304086.1,NA,47813.29,5008.183,10173.08,NA,20462.98,12503.5,119165.3,72721.77,9793.73,173043.4,98103.7,34140.33,7864.39,3690332,19822.33,14778049,82457.43
1/1/2007,NA,10797206,90685.01,275721.1,101568.7,122160.9,12120.39,NA,NA,NA,3958.201,451512.2,2802.037,390817.8,137866.7,47370.63,1056375,61687.32,7920.832,6344.572,52217.12,885959.5,86414.36,1395747,872305.6,15320.6,51548.96,4112078,377069.8,5974.173,66333.74,686165.2,633343.8,2625.106,8758.982,85050.06,9325.958,11208776,52221.28,3567.886,16558.38,36495.75,148085.8,302629.7,63983.65,105391.4,3386.883,51299.95,581061,5530.724,1426552,28692.15,NA,252091.7,NA,994644.6,NA,NA,10351.97,13342.94,7517.344,20141.86,253581,3727463,2116.088,2195.77,NA,NA,54174.37,NA,2044.348,217140.9,107064,33872.86,29009.8,41713.21,110455.1,62332.68,5653.351,NA,41491.89,377982.5,312562.7,NA,48546.27,4871.197,10305.49,NA,21163.22,12718.02,120469.2,73866.08,10077.84,179168.8,97864.27,34869.82,8136.311,3699023,20357.14,14941511,83796.43
4/1/2007,NA,10864346,92513.57,277439.1,102784.4,122647.8,12372.56,NA,NA,NA,4031.715,459493,2914.021,394588.6,139379.4,47813.84,1090946,62788.21,8100.074,6410.093,52654.62,893407.7,86027.31,1434444,883645.9,15433.76,52283.5,4194540,380443.8,5999.435,67207.9,691399.4,637270.2,2730.114,8683.134,87507.53,9325.686,11279429,53073.64,3626.967,16614.77,36443.28,150127.5,307299.1,62904.49,111581.7,3534.626,52159.2,580561.3,5579.69,1428608,29462.61,NA,256597.2,NA,1009115,NA,NA,10642.75,13652.65,7665.515,20264.92,255525,3804371,2172.877,2155.882,NA,NA,55041.16,NA,2051.584,218250.8,107062.2,34332.24,29726.39,42221.34,112222.4,62608.88,5578.88,NA,42455.13,387280.9,317385.4,NA,49672.32,4884.954,10469.26,NA,21798.88,12892.27,121104.2,74014.88,10228.09,176481.5,99677.63,35263.8,8221.614,3720224,20884.44,15088579,84483.19
7/1/2007,NA,10914389,93701.38,280472.6,102980.8,123601.5,12534.83,NA,NA,NA,4099.235,463057.2,2852.416,396235.9,140523.1,47883.63,1116696,64111.09,8184.187,6468.732,53448.95,897955.8,86835.58,1464775,890961.8,15653.67,53402.8,4255088,383371.9,6010.131,67844.66,693845,642217.3,2872.772,8416.755,86952.22,9452.439,11332247,54106.38,3689.539,16630.56,36646.47,152227.8,313801.1,61604.11,112579.1,3532.357,53129.39,580499.4,5525.785,1421375,30208.6,NA,259172,NA,1018425,NA,NA,10928.73,13692.72,7851.681,20678.59,257126.2,3860656,2283.22,2176.636,NA,NA,55716.88,NA,2073.911,220689.9,108436.1,34689.3,30217.58,42651.52,113681.3,62737.94,5798.869,NA,43032.51,393954.6,324100.9,NA,50953.48,5035.635,10522.69,NA,22308.29,13154.72,122007.9,75033.65,10253.11,173968.8,102108.8,34785.96,8340.774,3740470,21215.39,15197325,85473.17
10/1/2007,NA,10984343,96629.36,281896.2,103705,124236.5,12807.62,NA,NA,NA,4169.752,471681.3,2887.213,396803.2,141407.4,48686.29,1151974,64813.34,8352.857,6590.139,54135.01,903755.9,87709.23,1505151,915219.6,15866.99,54644.52,4357423,385818.5,5970.987,69126.4,695416,645242.6,2837.835,8447.825,86543.33,9437.955,11407022,55077.31,3684.799,16700.16,36783.94,154039.7,326348.2,65024.93,112540.4,3729.65,53813.49,579796,5702.011,1427923,29948.71,NA,265176.5,NA,1034122,NA,NA,11132.64,13705.31,7810.826,20981.37,258157,3955394,2298.738,2183.192,NA,NA,57023.45,NA,2135.697,223676.6,109616.1,34823.11,31088.8,43441.93,116068.6,63439.46,5793.529,NA,44683.18,402546.5,337059.8,NA,51185.92,5144.107,10820.39,NA,23146.81,13211.66,123196,76125.43,10375.29,182808.7,105118.5,36535.48,8480.347,3763199,21279.56,15366184,86684.29
1/1/2008,2542.554,10994349,97660.09,285125.7,105105.8,124931.7,13010.26,6151.99,NA,NA,4235.603,479192.5,2985.2,397040.8,142650.3,49881.55,1180429,65167.49,8526.924,6669.701,54266.63,909645.4,87672.67,1539517,939240,16120.16,55352.83,4433318,386671.6,5842.402,68809.4,698462.4,648743,2905.22,9484.556,87061.35,9617.26,11419938,55829.92,3765.815,17181.8,37093.82,157742.3,329524.6,62211.53,107967.5,3649.099,54275.45,585786.6,5885.144,1432880,30601.79,NA,266475.3,NA,1045177,NA,NA,11026.93,13668.19,7750.359,21615.57,257283.5,4025587,2281.739,2233.03,NA,NA,58386.56,NA,2162.95,224409.2,108239,34687.16,31860.34,43432.19,116648.9,63444.41,5982.5,NA,45844.53,413701.3,340340.5,NA,52529.14,5118.997,11091.35,NA,23157.43,13402.16,122822.9,76116.04,10610.41,190172.5,105556.2,37792.1,8601.482,3741616,22114.25,15448650,87048.49
4/1/2008,2578.295,10991307,98132.19,285829.8,104618,125136.2,13156.51,6192.271,NA,NA,4322.554,488530.2,3076.452,398427.1,143578.3,49958.32,1207216,65428.35,8524.814,6697.782,54713.29,907333,86863.84,1571990,937792,16406.3,55956.2,4485551,387078.9,5899.981,68522.58,695392.1,645144.2,2959.634,9201.271,86501.89,9801.587,11418371,55177.79,3853.35,17206.28,37285.73,161641.2,331715.2,60733.94,107445.6,3645.888,54420.86,580248.9,5995.722,1426340,30984.7,NA,267464.5,NA,1059712,NA,NA,11146.57,13556.29,7594.97,21574.5,259604.6,4074329,2357.218,2267.332,NA,NA,58655.92,NA,2194.581,225513.8,108292.9,34171.96,32877.35,43920.2,117582.1,63131.87,6127.964,NA,47020.44,419271,342603,NA,51197.4,5114.36,11215.88,NA,23346.3,13551,122636.2,76641.69,10582.74,180557.7,104224.8,37272.78,8835.891,3760907,22591.99,15495342,88111.23
7/1/2008,2689.916,10925212,98716.17,287980.1,104008.9,124512.6,13298.46,6164.342,NA,NA,4371.814,495797.4,3099.623,401757.5,143746.2,49523.84,1221794,66089.58,8547.778,6708.656,54865.11,901622.4,86356.38,1590839,931256.4,16713.08,56358.45,4499444,386374.4,5907.946,68110.89,693106,635056,2721.929,9334.232,86420.39,9697.839,11351230,54563.41,3823.627,16918.67,37226.62,164867.2,333871.5,60452.84,95220.42,3537.419,54505.13,572298,5976.64,1408456,30681.07,NA,269371.1,NA,1069119,NA,NA,11011.28,13438.49,7305.983,21921.13,260354.7,4087631,2373.672,2271.744,NA,NA,58559.43,NA,2154.116,225239.3,108094.9,34163.37,33123.21,44865.75,118287.6,63079.65,6096.383,NA,47626.67,418687,344830,NA,50812.38,5098.204,11165.58,NA,23604.31,13505.53,121998.5,76794.72,10728.47,174972.8,100403.9,36390.47,9011.028,3740565,22618.18,15441123,88321.86
10/1/2008,2725.687,10710040,94175.81,286435.5,102065.3,121915,13349.39,6094.757,NA,NA,4332.202,476267.9,3007.175,397124.9,140998.8,49084.13,1234464,64967.96,8465.007,6678.924,53944.41,887224.3,84317.13,1599741,900477.1,16994.37,56874.38,4471815,380146.6,5213.476,67070.67,683270.4,621939.8,2801.621,9050.948,85200.63,9663.724,11129894,53471.39,3742.919,16524.13,36017.97,165128.4,332840.6,58590.27,121887,3633.657,54182.92,559186.5,6077.22,1374305,29999.99,NA,260851.9,NA,1039377,NA,NA,10901.37,13020.77,7102.521,21816.57,256212.5,4063589,2355.548,2226.756,NA,NA,57079.44,NA,2086.7,223751.9,108433.6,34132.6,33143.92,44870.69,117814.5,62264.83,6072.292,NA,47339.8,395815.5,343765.3,NA,49688.4,5052.465,11072.37,NA,23402.61,12992.36,117339.8,74810.07,10747.4,173370.1,97434.5,33676.75,9114.795,3659581,22041.06,15195156,87819.02
1/1/2009,2865.254,10471806,90903.61,289540,100476.8,120494.4,12763.96,6281.134,4390.318,12525.25,4371.948,468411,2690.403,388102.6,138788.2,48574.62,1258360,65539.78,8266.335,6564.674,52063.22,845742.1,83116.81,1621250,864780.6,16752.11,57853.76,4428384,370211.8,5077.837,62638.08,671952.8,611072.9,2763.009,9632.138,81149.05,9542.261,10886477,51636.32,3661.306,15863.01,34494.71,165976.1,330187.1,57856.98,122690.9,3316.41,54190.23,543879.5,6198.558,1308573,30039.37,9512.97,261392.8,NA,1013896,NA,NA,9516.708,12823.5,6862.561,21882.6,243172.7,4022940,2336.435,2169.683,NA,NA,55062.09,NA,2047.505,215711.5,107538.2,33898.62,32857.79,43826.47,119346.1,60697.83,5828.607,NA,43604.72,376194.3,341024.7,NA,48414.45,5007.895,10846.26,NA,21792.47,12408.59,116363.9,72587.01,10766.76,166350.1,97255.98,30397.78,8958.641,3618516,24073.6,14910582,86452.91
4/1/2009,2903.778,10491862,88729.5,291320.9,99603.84,120370.2,12750.7,6283.372,4455.523,12118.71,4434.626,477785.7,2843.217,383839.8,138796.1,48337.31,1305281,66042.5,8367.403,6544.164,51651.27,846904.6,81505.79,1674360,865987.6,16681.95,58588.3,4499815,370174.6,4909.766,62360.88,671394.6,609585.5,2698.661,9614.319,83415.89,9640.66,10907106,53472.44,3688.135,15779.37,34442.82,168324.3,347615,57685.87,112534.1,3436.119,54673.21,539617.7,6316.558,1335837,30200.22,9632.996,264630.7,NA,1017836,NA,NA,9397.561,12614.57,6440.656,22554.32,239453.6,4091453,2307.489,2185.675,NA,NA,56444.77,NA,2066.022,215716.8,106592.3,34307.2,32631.71,44418.55,119823.4,60752.13,5909.003,NA,43880.95,373543.8,359024.6,NA,50445.99,4985.559,10797.51,NA,22000.78,12261.66,116157.1,74248.09,10945.17,169613.8,97995.88,30670.84,9081.987,3613263,24232.96,14999429,86156.29
7/1/2009,2917.723,10534260,92074.07,292008.1,100006.6,121715.4,12848.82,6328.201,4570.626,13119.98,4521.021,489578.4,2798.82,385588.3,140152.1,48916.62,1349761,66322.8,8485.608,6539.484,51903.53,851733.8,81787.59,1726695,881334.4,16579.12,58841.9,4609075,370953.4,4817.368,62824.72,672549.6,610018.5,2695.311,9397.743,82828.8,9852.458,10951534,53748.99,3697.415,15561.06,34433.81,171567,356601,57032.02,112445.3,3383.439,55198.43,542567.6,6396.644,1336588,31043.55,9777.344,271999.8,NA,1043054,NA,NA,9424.052,12828.86,6117.35,22929.84,247228.6,4195286,2290.137,2200.037,NA,NA,58024.24,NA,2090.72,216581.2,106660.9,34512.56,33203.37,45141.57,120422.6,61288.14,6150.022,NA,44639.36,382837,368305.5,NA,52314.03,4976.542,10858.05,NA,22199.24,12281.19,115960.9,76598.98,11059.43,172277.1,99503.2,30819.3,9377.283,3626442,24148.02,15147268,86356.03
10/1/2009,2930.898,10631105,93972.71,294085.8,100932.1,122741.9,12490.54,6335.323,4396.794,13055.63,4515.511,501698.3,2901.268,390130.6,140515.2,49515.12,1381672,66901.96,8610.338,6567.427,52017.9,858121.6,81861.83,1764147,890204.8,16595.96,59532.71,4688286,370879.1,4842.06,62515.95,677245.4,611848.9,2789.059,9458.969,82928.26,9927.112,11052759,54798.34,3769.623,15708.28,34419.06,174181.8,361572,57058.91,112963.5,3349.703,55907.55,544548.5,6321.484,1355195,32289,9835.693,274575,NA,1063856,NA,NA,9297.02,13068.61,6133.828,23249.98,251513,4268763,2402.538,2221.068,NA,NA,59627.9,NA,2104.79,217886.6,106717.8,34878.92,33776.11,45735.89,122108.5,61317.44,6315.029,NA,45209.05,384201.4,373439.8,NA,53160.55,4993.017,10827.52,NA,22471.08,12261.94,116279.5,78815.3,11196.27,175968.4,106478.5,31408.24,9647.601,3666266,22628.05,15321805,86931.89
1/1/2010,2961.618,10700295,96940.18,295603.7,100180.4,123299.1,12638.57,6334.452,4412.151,13057.47,4515.821,510738.4,2980.298,394778.1,141982.4,49609.34,1412954,67743.72,8691.935,6614.504,52406.65,864982.1,82568.72,1806744,897404.2,16762.63,61290.36,4776271,370804.8,4912.042,62988.03,679758.8,615747.2,2844.713,10707.25,81555.17,9907.484,11122506,55827.81,3771.103,15629.36,34348.44,176351.8,373181.6,57952.3,112766.8,3201.89,56728.56,546786.7,6367.582,1366664,32353.35,10014.31,280088.3,28282.57,1081348,NA,12248.77,9394.111,13255.29,6103.322,22862.92,254239.5,4354060,2451.846,2255.091,1521.581,NA,60633.86,87693.24,2134.768,217490.6,108800.1,35260.31,34756.63,47297.84,121375.8,61822.06,6583.618,28871.09,42305.32,391510.9,385430.4,127926.6,56156.83,5119.447,10825.46,NA,23031.2,12290.07,120382.2,81094.37,11325.47,178972,108221.7,31717.17,9833.529,3680400,26890.54,15476566,87921.61
4/1/2010,2996.668,10809738,101164.7,297462.8,101830.1,124555.2,12839.83,6519.079,4466.957,13176.42,4623.88,518404.9,2986.126,396824.1,143332.3,51373.44,1446505,68697.33,8781.045,6602.115,52931.26,884324.3,83133.06,1844660,906958.1,17026.88,61928.71,4862814,371360.7,4977.472,64677.35,683362.1,621917.3,2901.738,10342.18,79085.27,9984.291,11237777,56790.65,3829.012,15372.92,34597.77,179559.5,383465.3,58294.51,116650.6,3272.341,57525.48,549867.4,6419.919,1384774,32903.4,10308.15,285210,28173.81,1100433,NA,12998.06,9515.599,13515.15,6077.447,23315.63,256870.9,4434776,2338.801,2250.526,1634.624,413136.8,61795.29,89005.61,2134.489,218426.4,107643.6,35475.7,35781.27,48211.71,123196.5,62163.64,6697.897,28559.52,42622.02,393054.2,396463.3,130224.4,59640.18,5041.784,10859.92,201163.5,23153.31,12418.56,122545.4,80851.73,11345.11,183595.6,110500.7,32035.42,10021.39,3714303,26102.03,15672553,88521.47
7/1/2010,3035.27,10890074,101527.2,299397,102830.7,125122.4,12929.58,6415.454,4558.193,14076.5,4686.857,523936.1,3146.482,399681.1,143970.9,52614.07,1482855,69126.2,8933.305,6661.993,53213.89,891670.2,84451.01,1884204,919909.2,17307.24,61832.52,4943954,371139.2,5053.827,64585.4,687398.7,626042,2890.645,10538.65,76311.46,9982.295,11322863,57283.42,3835.474,15579.15,34816.29,182254.2,390675.3,58796.81,121127.8,3212.876,58174.17,552832.4,6508.309,1410286,33308.09,10703.78,288190.9,27653.16,1111299,NA,13387.44,9515.599,13486.47,6070.093,23718.41,259210.5,4511164,2482.769,2282.165,1664.952,419542,61790.4,91042.45,2189.988,219364.8,104972.3,35006.29,36158.09,48472.58,124921.2,62215.73,6745.528,30863.99,42420.41,398254.7,404062.7,129940.3,57940.53,5060.389,10995.14,204937,23292.22,12475.92,123793.4,81287.23,11482.06,187844.5,111640.3,31796.72,9985.748,3741711,25878.86,15834027,89505.62
10/1/2010,3055.422,10942080,103074.4,302332.1,103511.1,125663.3,13052.06,7051.322,4516.076,14457.37,4749.318,530576.6,3082.456,404193,145002.5,53247.47,1518197,70752.7,8995.695,6687.045,53492.34,899016.1,84260.99,1921309,934672,17860.55,62549.57,5040453,371397.9,5163.635,65941.25,692248.7,626438.4,2975.056,10587.54,75421.86,10214.78,11393778,58213.57,3933.664,15421.29,34862.24,185320.4,400978.6,58639.16,120124.7,3335.215,58999.43,556806.5,6520.843,1398890,34068.85,10963.12,292097.7,29011.25,1125940,NA,13737.66,9743.666,13570.09,6168.556,24176.82,261365.7,4588755,2381.674,2301.023,1780.582,436581.5,62444.91,92138.87,2215.922,221844.7,107919.3,34621.32,36770.98,48811.37,126170.4,62095.01,6882.151,32690.55,43246.16,402444.7,414716.3,143097.7,60292.83,5153.802,10956.01,207234.9,23472.78,12567.41,125680.8,81625.5,11358.75,194525.8,113526,32538.78,10145.96,3760525,23129.16,15982534,90462.92
1/1/2011,3114.478,10957135,105559.1,301463.4,105012,126463.9,13060.65,6627.333,4483.285,14358.84,4792.401,536335.2,3147.046,407181.8,145680.9,53856.44,1556751,72175.34,9044.32,6698.47,53889.61,916314.3,84444.55,1962214,945204.5,18057.44,58938.09,5112864,370842,5270.941,66192.39,699382.1,630381.7,3022.945,12135.55,73206.13,10320.5,11409794,59810.03,3933.914,15357.64,35159.89,187931.4,411341.3,58756.48,119010.8,3213.213,59721.05,557906.3,6531.328,1378848,34730.3,10914.11,294560.9,29558.27,1139918,NA,13436.69,9962.492,13846.83,6246.727,24147.29,263491.1,4660205,2461.532,2302.557,1933.004,429740.5,63718.87,93489.63,2235.652,223158,108020.3,35217.38,37421.71,48835.65,127810.6,61684.67,7025.974,32956.33,43069.75,404500.9,424777.9,140947,61392.27,5282.874,11148.6,211009.3,23632.47,12572.32,126567.5,83465.25,11024.11,199539.4,115838.7,33385.7,10385.77,3751452,19579.06,16069999,91322.95
4/1/2011,2978.452,10983463,106531.2,305008.2,105197.1,126834.1,13182.04,6658.237,4529.163,14561.77,4845.007,542949.8,3225.571,407967.2,146409.2,54638.15,1591901,73660.61,9226.577,6727.239,53991.87,917195.8,85291.05,2003319,957551.8,18529.17,62392.17,5196566,369655.8,5373.809,66000.26,699884.5,631008.7,3071.015,11971.98,72095.5,10379.94,11444823,59577.2,3936.636,15544.52,35154.32,190694.9,411632.5,58882.37,124875.2,3304.796,60251.71,558506.5,6584.693,1369812,35337.59,11027.41,296263.6,30474.71,1152057,NA,13935.7,10093.1,13720.19,6458.224,24674.9,264651.5,4735206,2468.267,2277.053,1818.252,445789.6,64681.07,94207.82,2316.493,222948.1,107573.7,35544.39,37631.23,49606.31,129472.2,61420.06,7014.922,34151.03,43159.08,409669.7,425568.2,144796,61289.11,5274.363,11114.91,212280.7,23831.83,12503.5,126685.6,82279.1,11182.58,203892.7,115590.6,33416.16,10471.51,3778288,22338,16180029,91847.97
7/1/2011,3111.559,11036652,107304.9,308894.3,105198.3,127116.4,13170.43,6712.478,4653.885,14372.28,4932.037,542840.7,3220.321,413627.3,145914.5,54884.19,1623114,75124.29,9270.531,6594.269,53916.66,925116.6,84230.15,2040492,972555.5,18812.86,62969.31,5260033,367246.5,5461.542,66195.13,701510.1,632965.6,3143.329,11874.66,70598.08,10505.64,11505160,59702.29,4049.548,15488.6,35270.18,193343.7,409986.5,58475.39,121969.4,3351.402,61379.12,555270.3,6656.87,1404375,35954.81,11195.79,297549.8,32147.24,1161239,NA,14632.51,10164.81,13815.61,6591.959,24802.14,269746,4791525,2460.176,2301.557,2030.503,448577.2,65477.19,94137.73,2327.572,222929.6,109307,35965.13,38499.74,50284.18,131155.3,60940.57,6942.303,34636.61,44073.18,415272.3,424619,147492.6,62728.97,5277.755,11112.35,212550.4,23896.42,12496.4,128009.3,83543.93,11190.54,209297.9,115578.9,34019.25,10720.56,3777238,22699.13,16296685,92121.89
10/1/2011,3144.682,11075835,107489.6,312468.1,105434.7,127194.2,13141.48,6843.166,4446.978,14628.03,4980.336,544589.6,3339.749,416907.7,146822.6,55946.83,1650472,75703.89,9387.039,6653.046,54020.43,922599.8,84918.58,2067535,981327.9,18983.48,63800.04,5323037,364874.2,5460.176,66266.49,703421.4,634142.3,3206.893,12285.88,67762.12,10562.3,11549753,60009.01,4038.682,15419.5,35576.44,196220.9,422467.4,58353.17,122198.4,3397.938,61723.29,550404.2,6717.781,1402141,36565.84,11487.72,299435,31916.38,1167564,NA,14777.59,10276.93,13813.6,6610.616,25383.11,271666.3,4849119,2479.823,2331.54,2015.31,453623.6,65845.21,95804.1,2343.607,221601.9,109363.2,36255.65,39001.72,51066.31,132204.6,60039.54,7073.364,34273.66,43705.24,419903.1,437245,151249.6,63200.93,5309.611,11162.76,215741.6,24203.3,12506.78,126475.9,78301.87,11241.41,211586.6,113768.6,34155.97,10488,3820977,23613.93,16398872,92824.2
1/1/2012,3112.834,11133691,106322.7,315693.6,106286.5,127418.9,13173.15,6973.933,4471.951,14680.74,5027.136,544552.6,3355.034,417110.5,146969.2,56880.36,1682353,76523.18,9592.848,6638.042,53952.29,924439.5,84859.49,2110455,983844.9,19288.38,63537.71,5387338,361464.5,5490.9,66252.77,703911.8,638223.3,3231.825,13450.09,67093.53,10685.35,11613348,60116.96,4097.321,15233.71,34854.76,199494,430656.9,58675.82,121108.6,3321.367,61800.72,545498.3,6737.316,1419857,36866.72,11434.3,301471.3,34061.21,1171243,NA,15580.65,10295.91,13615.93,6654.877,24671.35,273190.4,4907682,2438.118,2317.122,2129.882,457130.1,67062.64,96992.62,2419.921,221121.5,111736.1,36290.71,39696.04,52074.72,132336.8,59711.89,6839.368,35208.71,44118.82,423356.3,446237.6,153391.9,64427.86,5412.437,11002.99,218427.4,24210.5,12406.14,126738.8,85644.54,11439.36,210765.5,116654.3,34200.64,10714.84,3850964,21696.29,16521029,93195.4
4/1/2012,3120.258,11133900,102619,318275.4,105616.1,127189.2,13132.56,6867.254,4472.976,14902.13,5080.705,548510.6,3324.254,418516.5,147304.7,57709.18,1715243,77188.73,9623.312,6522.829,53672.87,925985.4,84923.38,2151099,993208.4,19623.21,61745.08,5437169,357979,5554.168,65053.36,702767.4,637720.1,3331.742,13378.81,65824.04,10660.25,11613929,60482.23,4147.71,15090.69,34740.29,202428.2,431962.6,58956.92,113688.1,3333.656,61671.59,540423,6777.282,1408452,37407.83,11477.76,303478.2,32888.12,1176453,NA,15306.01,10372.79,13788.54,6696.822,25420.25,275626.4,4957140,2469.984,2347.802,2201.203,448801.5,68002.55,98125.43,2405.99,221262.7,111999.5,36529.71,40135.24,52491.58,132072.1,58907.1,6933.1,35491.66,44614.72,427935,447268.6,154402.4,64967.86,5422.156,11174.96,220338.3,24294.37,12188.47,126885.1,87262.2,11521.36,214313.2,116471.4,34430.03,10767.43,3867486,23470.85,16571069,94032.08
7/1/2012,3150.793,11143600,105852,319890.1,105738.6,127165.4,13118.35,6940.16,4492.826,14637.68,5157.175,556960.9,3329.457,419093.2,148063.1,58075.61,1746350,76963.28,9680.225,6437.898,53394.84,928693.8,85003.16,2188274,997542,19774.75,64683.24,5503988,356162.7,5579.544,64943.58,704148.4,645471.7,3382.145,13143.04,64991.07,10756.15,11625042,60948.51,4193.127,15120.04,34865.89,204972.9,438079.9,58460.72,112625.7,3371.651,62279.2,537861.2,6824.09,1403392,37572.25,11670.86,304736.9,32477.95,1191863,NA,15403.43,10653.72,13735.07,6780.44,25651.92,277354.4,5022547,2459.116,2388.679,2197.842,451097.6,68801.11,99271.42,2463.014,220319,110376.1,36713.6,40994.18,54081.19,132732.4,58241.64,7188.044,35623.21,44453.29,429258.1,453483.4,154584.6,64287.31,5428.605,11034.94,221728,24338.27,12224.38,126534.7,87979.73,11686.8,217701.7,118442.3,33562.45,11021.76,3872738,23890.87,16647589,94313.27
10/1/2012,3157.585,11146260,107709.4,321547.6,105691.1,127026.1,13103.5,7062.992,4555.799,14700.87,5286.16,558458.3,3500.047,419965.3,148376.3,58548.48,1782150,77567.92,9799.641,6306.442,53233.44,924822.8,84865.77,2231018,999850.1,19893.27,65216.65,5566289,353457.4,5626.767,64636.18,703660.6,644479.2,3307.443,13073.59,65002.12,10910.91,11627633,61616.19,4179.51,14978.16,34782.79,207584.3,445583.1,58903.14,112451,3412.671,62750.85,534918.2,6861.257,1406970,37921.74,11988.77,306660.5,32899.3,1199114,NA,15773.36,10694.38,13856.35,6829.059,26246.83,279687,5084916,2455.635,2411.78,2220.662,452373.6,70071.81,99291.12,2531.088,218757.6,111278.2,37093.56,41077.73,54501.47,132201.5,57320.95,6957.016,36044.49,44661.06,429098.8,461356.5,153815.5,65969.78,5467.066,11019.27,222577,24319.23,12007.26,125944.2,90284.55,11775.62,220607.9,118718.1,33298,11040.04,3877131,24205.39,16712549,94723.5
1/1/2013,3172.746,11198794,107511.5,322495.3,105155.8,126598.2,13112.22,7293.539,4564.141,15107.74,5366.088,558012.8,3677.635,423700.6,149002.7,59166.18,1815429,78775.06,9791.056,6204.168,52991.52,920479.1,85344.23,2268419,1014412,20094.32,65111.72,5635753,352307.1,5650.891,64450.92,703346.9,648633.4,3310.499,14083.36,63565.49,11003.8,11682313,62132.29,4207.532,15083,34978.09,210644.2,452093.6,57891.2,114975.1,3430.615,63469.4,529465.8,6918.212,1423458,38778.54,12173.47,308955.5,32487.02,1202847,NA,16115.07,10730.23,13956.73,6891.296,25852.93,280649.7,5152234,2514.342,2407.145,2309.492,455358.3,70054.42,101457.4,2505.696,219474.3,111445.7,37324.68,41694.13,56076.44,132465.9,57559.39,7513.378,36957.41,45076.88,432565.8,468208.6,153969.4,66589.09,5437.298,11264.26,226508,24454.89,11989.38,127369.5,90208.9,11792.97,228596,118361.6,33821.85,11118.34,3911511,23696.82,16834547,95116.1
4/1/2013,3199.262,11250070,108290.3,324234.3,105672.4,127303.4,13118.67,7258.658,4571.06,14858.7,5460.737,570907.4,3736.754,426188.5,150136.3,60073.53,1846306,80497.87,9821.844,6086.615,53070.96,930150.2,85407.57,2304353,1024448,20513.73,65242.89,5711968,352011.3,5637.691,64714.4,708222.2,652110,3389.622,14034.47,63605.55,11146.82,11741161,62410.84,4269.873,15079.38,35278.07,213711.2,458899.7,59104.8,112854.9,3452.493,64617.12,529446.5,6986.81,1435228,39619.6,12298.33,312489.6,33743.23,1219704,NA,16238.08,10831.63,14341.89,6885.712,26507.28,278737.9,5220876,2539.232,2481.047,2433.537,458853.9,71054.12,103276.4,2587.3,219077,112250.9,37235.96,42887.23,56549.74,133923.1,57996.04,7564.711,37028.4,45688.15,433194.4,475137.8,157297.2,67981.53,5535.399,11281.57,229470.3,24577.87,12060.66,127225.1,89660.77,11934.52,234581.2,119537,34126.43,11409.9,3916286,24637.61,16962037,96124.37
7/1/2013,3076.655,11325223,108967.4,326644.3,105935,127792.8,13206.46,7346.781,4596.95,14846.85,5528.653,572964.9,3781.868,429649.6,151192.3,60583.04,1885287,80809.69,9958.976,6074.364,53232.48,935171,85948.64,2349516,1032939,20915.86,65496.48,5785293,351825.5,5622.216,64824.19,708270,658277.3,3421.671,13948.58,63877.68,11190.97,11821553,62787.15,4292.491,14984.37,35729.29,216368.3,466391.6,60835.38,112236.9,3509.956,65251.87,531525.1,7014.85,1447201,40122.13,12445.6,315250.6,33672.18,1226951,NA,16044.18,10936,14518.65,6961.977,26932.99,281411.1,5288964,2573.111,2511.673,2480.443,462318,72297.64,104391.7,2608.488,220403.5,113351.8,37539.35,43170.72,57611.44,134994.4,57915.56,7557.525,37312.54,46188.11,436902.9,482435.8,160321.9,68418.36,5606.319,11516.32,231133.4,24721.85,12035.67,127791.8,90317.64,11983.38,237740.5,120476.6,33039.17,11385.16,3946942,25153.61,17110516,96565.61
10/1/2013,3222.45,11383185,107896.4,329297.1,106407.8,128129.1,13253.68,7457.014,4681.193,14676.98,5595.453,573013,3845.939,434169.9,151480.5,60802.9,1917571,82237.52,10004.2,6038.025,53919.13,938364.9,86121.48,2385962,1040286,20942.65,66143.57,5847603,352381.4,5620.85,64413.86,711491.9,661772.1,3562.385,14124.49,63477.08,11262.79,11881651,63375.47,4311.665,14980.08,36112.44,218981,476490.5,60337.96,112677.4,3601.865,65647.5,530522.9,7050.082,1446625,40046.86,12549.82,318145.1,33930.8,1230100,NA,15809.28,11071.65,14196.48,7001.471,27321.95,282944.5,5349137,2475.863,2501.423,2513.532,465035.5,73389.49,105589.7,2603.708,221799.9,113151,37740.42,43593.35,57936.26,135129.4,58550.02,7612.634,37288.36,46765.21,440139.2,492299.8,161119.1,69082.28,5633.262,11433.88,233919.3,24837.77,12239.41,128946.5,90288.93,12047.18,239480.1,122268.6,34326.62,11646.31,3978457,25281.91,17230788,97809.41
1/1/2014,3219.881,11416468,106273.3,331611.9,106439,128436.6,13281.53,7520.61,4687.519,15117.18,5676.214,575952.4,3797.729,434794.1,152583.1,60801.15,1950400,83310.77,10143.37,6046.972,53845.74,947448.3,86339.57,2423569,1049786,20872.47,67612.65,5912486,353679,5710.632,64398.77,712018.2,666132.9,3543.834,14092.05,63968.85,11379.77,11920612,63952.01,4347.033,14953.85,36414.92,221542.5,479499.6,62690.61,114949.8,3456.368,66324.52,531087.3,7138.074,1460363,40545.9,12715.01,320999.1,34081.1,1234882,NA,16326.54,11203.86,14699.97,7030.206,26569.76,284784.1,5408342,2602.345,2606.887,2527.95,472489,74418.28,107900.3,2667.597,221579.4,113740.3,38147.57,43716.84,59331.06,136480.7,58174.45,7829.544,38442.39,46960.38,441146.7,495826.1,163998.6,69539.39,5676.6,11284.4,235933,25078.78,12300.44,129865.2,89931.48,12176.04,245862.1,122986.2,33685.01,11450.98,3967188,25417.8,17328954,97427.84
4/1/2014,3224.572,11467808,105585.5,333703.3,106416.5,128638.6,13390.93,7640.968,4578.331,15084.58,5742.853,568607.6,3900.664,438846.7,153516,61090.81,1985166,84026.84,10165.79,6019.029,54346.66,947154.5,86276.97,2464500,1049612,21358.37,68600.78,5971238,355346.7,5736.235,64096.86,713242.3,670500.8,3561.07,14245.57,63861.1,11627.42,11973001,63851.52,4418.154,15031.14,36871.05,224274.9,493875.2,64731.62,117311.7,3530.321,67030.8,530540.8,7188.93,1433066,41084.57,12979.61,323277.9,33607.15,1232678,NA,16626.56,11271.13,14520.39,7057.171,27285.58,288402,5466045,2658.227,2673.654,2605.067,475010.5,75666.96,110144.1,2691.942,222876.8,114580.9,38337.19,43633.85,60277.96,137982,58367.96,7820.005,38186.97,47137.21,442958.4,510501.8,162931.2,70311.34,5654.928,11184.39,238935.6,25219.36,12351.92,131039.7,90448.3,12257.31,242051,124514.8,32814.61,11851.88,4020955,26061.03,17439046,97665.71
7/1/2014,3224.533,11553553,104727.6,335169.7,106647.9,129279.8,13459.03,7715.499,4636.176,15138.25,5854.185,569694.6,4009,443044.7,154689.5,61094.3,2019868,84649.2,10269.53,6011.596,55043.76,951804.8,87721.23,2504735,1053308,21653.78,68959.31,6032953,357941.9,5809.175,64430.33,716696.8,674362.6,3612.276,14516.52,64685.79,11714.04,12061703,64791.34,4416.048,14961.48,37195.42,227113.1,502831.7,65420.91,118744.5,3642.955,67356.79,531794.9,7235.551,1434401,41651.98,13134,324460.4,33705.7,1235548,NA,16867.99,11284.2,14947.37,7077.326,27651.34,289459.4,5524804,2615.75,2703.988,2707.809,478770.5,76427.74,110943.9,2712.559,223440.4,115062.6,38784.41,43893.24,60755.59,139223.9,58422.4,7943.556,38593.02,47847.88,439815.3,519699.7,163822.9,70907.01,5628.41,11065.48,240891.8,25420.28,12421.84,131913.7,91319.88,12342.66,247755.6,125917.7,31105.01,11837.17,4070042,26543.58,17586506,98288.39
10/1/2014,3238.963,11617216,105208.1,336609.4,106954.3,129863.4,13596.58,7754.654,4725.956,15094.39,5878.713,572144.1,3956.78,446180.1,155970.7,61837.63,2054224,85573.44,10388.01,6005.264,55766.68,960019.4,88035.9,2545216,1056602,21706.49,69597.66,6097348,361018.6,5894.064,64438.57,717285.6,678134.4,3626.194,14533.88,63960.56,11738.35,12128582,65036.36,4422.693,15118.77,37430.83,229804.7,507946.6,65650.68,120671,3656.733,68342.81,531599.4,7272.125,1441378,42066.15,13225.63,326289,33120.44,1244167,NA,17429.06,11312.04,15299.69,7123.902,27954.5,292671.3,5585982,2586.816,2779.12,2691.526,483051.3,77509.53,111863.9,2726.555,225453.1,116469.1,39268.84,44216.46,61760.21,139920,58894.07,8118.722,39251.18,48263.84,438901.3,525375.7,165028.6,71966.32,5633.245,11254.59,242936,25565.42,12461.17,133019,92376.51,12401.14,251458.9,126552,29318.73,11903.55,4092962,26849.05,17714564,99355.8
1/1/2015,3258.727,11704480,106817.2,339792.9,106885.6,130455.7,13713.38,7737.694,4767.469,14758.59,5943.785,565771.7,3904.478,443778.1,155524.1,61931.85,2087612,85912.91,10394.82,6063.352,56661.39,958090.3,88638.65,2583861,1057578,21751.48,70087.35,6144343,365170.1,5827.951,64103.72,720519.3,681706.5,3646.853,14758.68,64199.54,11964.27,12222405,65449.14,4489.256,15199.99,38078.81,232386.4,515686,80978.99,116637.1,3589.076,68540.15,532763.9,7276.521,1460525,41588.89,13491.44,329155.3,33751.65,1242530,NA,16993.66,11403.96,15533.41,7189.135,27799.12,294324.1,5626418,2685.481,2886.532,2630.383,483313.2,78662.27,112448.4,2765.132,226780.9,116170.1,39545.05,44642.55,62530.5,141738.9,59273.16,8155.685,39313.93,48817.14,433435.9,532679.7,168297.8,71630.72,5790.815,11303.26,244381.3,25991.58,12515.24,134727.4,92747.09,12412.03,256133.7,127363.5,28451.27,11874.09,4125051,27292.51,17848823,99778.36
4/1/2015,3283.073,11759065,109341.3,340550.2,107502.2,131226.1,13818.73,7893.056,4791.272,14436.89,6062.222,553222.9,3887.567,442605.4,155502.8,62676.92,2124229,86617.32,10572.27,6123.643,57500.55,964082.1,89053.22,2626276,1056441,21411.73,70778.17,6201556,369099.9,5927.063,64619.71,720265.5,686567.8,3655.174,14801.63,64245.13,12027.95,12282918,65855.82,4537.442,15322.6,38163.26,234922.3,529403.4,79027.2,117743,3800.834,68624.66,534764,7369.54,1462840,41579.99,13656.5,329897.8,33747.15,1237187,NA,17855.99,11492.79,15404.49,7259.952,28427.49,297404,5677703,2703.516,2955.157,2665.264,489926.2,79759.01,112932.2,2774.09,227497.6,116785.9,39919.28,45001.94,63783.49,142731.1,59450.27,8059.427,40121.82,48873.98,427471.1,547259.4,171439.2,72524.46,5718.942,11388.22,244466.4,26187.6,12616.29,136056.6,93086.08,12406.77,259970.4,125621.8,28252.02,11758.36,4155611,27830.95,17960621,99188.49
7/1/2015,3321.217,11808004,109219,343872.5,108056.2,131467.1,13985.17,7894.701,4810.154,14524.39,6079.689,545367.8,3781.879,444170.2,156473.2,62561.76,2159569,87555.39,10753.7,6157.367,58133.42,968425.8,89321.91,2668129,1063700,21356.13,72247.25,6260765,372436.8,5970.759,64869.47,723387.6,689520,3717.189,14742.69,63000.51,12177.99,12333747,66211.1,4599.543,15473.24,38439.89,238033.7,540125,81658.51,116627.5,3755.031,68753.55,536223.2,7429.572,1462252,41710.09,13918.4,334921.1,34035.48,1234658,NA,17861.45,11543.93,15311.08,7332.812,28819.23,300958,5735021,2734.213,3001.034,2946.586,490687.4,80270.01,113981.7,2861.309,228271,118154.4,40475.98,45297.9,64562.88,144301.1,59519.55,8218.188,40024.99,49669.22,427858.1,557986.4,171176.8,73373.39,5816.631,11370.84,245603.2,26533.77,12709.97,137887.1,94477.67,12431.81,263040.8,125490.6,28744.48,11835.41,4169363,28269.21,18068769,99178.51
10/1/2015,3325.625,11829992,107936.8,345787.3,108135,132045.6,14091.17,7978.409,4831.329,14408.82,6187.645,540849.7,3821.689,444474,157053.1,63195.16,2193414,87453.03,10736.26,6211.189,58500.37,972680,89520.98,2708395,1069323,21156.4,72413.4,6309496,376069.4,5944.018,65222.16,724813.8,694673.7,3739.204,14849.15,63778.22,12211.34,12359418,66266.81,4653.682,15487.89,38835.71,241433.6,547985.4,81777.06,114488.8,3819.895,69363.04,538261.8,7443.082,1456323,42241.81,14033.33,337430.8,33741.35,1230121,NA,17930.06,11571.16,15555.79,7304.621,29395.26,300801.3,5780069,2731.784,3083.336,2586.723,490367.3,81209.1,113388.9,2910.132,228310.6,117116.9,40903.17,46208.74,65907.13,146032.8,59806.82,8253.109,40641.07,50265.5,426631.1,565915.5,171751.9,73415.25,5805.109,11505.87,245373.8,26770.59,12728.27,139047.9,95245.44,12513.96,266682.5,125526.5,28512.1,11762.37,4170700,28599.22,18139487,99280.71
1/1/2016,3363.274,11894215,107051.4,349144.2,109108.1,132265.2,14245.06,8089.059,4893.974,14224.62,6256.533,536520.1,3996.036,447122.3,157617.3,63558.1,2227635,88193.72,10934.56,6320.207,58667.08,980422,89991.13,2748203,1071467,21005,72876.86,6369268,378590.3,6008.424,65530.93,729366.1,695829.3,3737.58,14964.75,63787.89,12329.72,12426025,66205.85,4653.134,15720.75,38594.32,244023.5,563028.6,81434.85,118227.7,3744.022,70022.82,539526.9,7439.73,1466353,41652.46,14220.33,338614,35276.13,1228585,NA,18101.59,11617.86,15524.57,7314.29,28230.28,302718.5,5837458,2739.904,3101.427,2746.318,495662.1,81960.92,112002.6,2852.152,230381.4,117998.8,41390.46,46656.47,66906.48,145740.7,60083.03,8223.646,40257.68,50914.15,427405.2,581130.2,172738.8,73852.22,5797.774,11669.02,244220.9,26943.72,12845.84,139269,95943.8,12525.87,267926.1,126510.9,28639.75,11834.46,4191710,28986.61,18263483,99037.14
4/1/2016,3386.715,11938228,105332.3,351809.9,109457,133225.2,14385.35,8112.493,4916.229,14200.3,6278.734,535294.4,4037.414,445100.7,158412.6,63387.1,2266334,88213.59,10961.88,6387.794,58873.69,986030.5,91245.19,2793576,1076380,21155.74,73821.26,6446442,380183.7,6011.724,66377.65,727332.5,699522.4,3773.164,14960.18,63424.59,12451.91,12472897,67035.09,4742.16,15827.62,39126.67,247144.4,577646.6,81719.62,128378.5,3976.18,71116.01,540729.9,7526.988,1466808,41526.78,14474.53,341915.8,34682.15,1228274,NA,18256.05,11674.9,15951,7350.244,28703.9,304190.5,5911774,2792.74,3106.315,2698.638,507764.7,83056.03,111254.5,2966.917,230886.9,117217.3,41858.43,46860.46,68193.28,147635.3,60266.52,8561.514,40930.92,51633.92,425780.1,595902.7,173049,74472.02,5959.701,11730.99,244545,27094.56,13001.37,139481,96611.44,12559.49,270789.5,127693.2,28874.49,11917.01,4211479,29538.25,18384670,99818.44
7/1/2016,3415.975,11993167,105658.6,351901,110044.9,133472.4,14487.89,8234.992,4961.319,14086.33,6372.86,531752.3,4037.736,449926.7,159316.7,63688.97,2304737,88918,11120.98,6452.627,59148.18,988049,91520.15,2838033,1070713,21134.76,74582.04,6500442,383557.7,6091.151,66774.25,729055,702675.6,3818.947,15152.08,63620.74,12497.39,12529794,67734.72,4741.122,15984.03,39346.92,250080.7,586328.3,81539.96,129887.5,4050.68,71990.13,542794.7,7573.505,1470724,42295.59,14641.76,343633.1,34731.8,1230161,NA,18628.53,11841.24,15987.46,7373.259,29206.67,307379.3,5963814,2816.504,3156.242,2730.755,511469.8,83984.52,111236,2985.996,233522.6,116206.7,42081.68,47256.04,69058.93,147930.6,60974.03,8630.752,41410.91,51732.06,425766.4,604956.8,173229.2,75001.15,5953.993,11829.78,245108.7,27252.74,13136.97,140092.8,97396.85,12613.15,262801.4,128163.9,29439.13,12069.86,4234303,30044.39,18493609,100041.1
10/1/2016,3460.026,12066920,106257.7,355337,111051.7,133863.9,14666.18,8161.772,5029.138,14147.6,6407.084,528592.9,3986.009,452529.4,159910,63751.78,2342550,89467.37,11242.26,6576.374,59548.08,991626.2,92333.97,2882660,1094502,21329.52,75220.39,6584410,385336.9,6196.636,66901.88,733397.3,707240.3,3846.173,15364.54,63722.97,12596.49,12608522,68548.19,4855.16,16130.36,39677.16,253204.2,591952.3,90645.04,134477,4185.669,72656.75,545355.1,7577.291,1473795,43142.02,14842.55,346476.9,34542.83,1232629,NA,18829.23,11983.18,15830.39,7497.597,29699.3,310670.5,6042807,2813.792,3240.307,2817.981,518335.1,85133.99,111193.2,3025.343,235523.4,118960.8,42346.44,47567.32,70309.82,151185,61533.48,8681.971,40943.4,52769.79,428187.5,610781.5,175018.8,76288.43,5992.802,11855.89,245501.7,27510.44,13210.16,140906.2,98252.02,12694.36,277888.2,129254.3,29702.77,12191.18,4255600,30392.35,18651330,100115.3
1/1/2017,3490.221,12146560,107007.6,356718.6,111582,134766.2,14793.78,8470.345,5035.927,14262.65,6464.788,536995.2,4034.294,457090.9,160032.5,63273.68,2379808,89079.1,11283.96,6627.03,60386.92,1003431,94494.55,2926635,1105417,21363.1,76156.05,6659857,388265,6301.893,67876.22,739362.5,711317.2,3923.33,15646.91,63780.98,12735.72,12686168,69114.01,4917.818,16189.89,40249.32,256365.5,602118.2,85354.32,137008.3,4051.448,72782.57,548369.7,7587.856,1486186,43082.27,14975.03,349658.3,33660.79,1243620,NA,18705.25,12113.91,15920.18,7626.838,29293.24,312531.9,6120250,2781.665,3320.639,2805.451,517558.8,86461.49,111096,3058.908,236716.6,119512.6,42534.63,47743.88,71293.44,152848.1,62275.25,8855.404,41025.82,54007.02,431470.5,620823.4,171586.3,76523.83,6005.374,11852.05,245803.2,27683.58,13467.29,141381.9,99252.57,12770.16,281858.3,130267.7,29572.26,12303.56,4279666,30647.94,18806417,100051
4/1/2017,3520.863,12219473,107993.4,359233.5,112507.6,135310.8,14934.38,8502.039,5093.108,14434.05,6529.121,538298.5,4071.53,462023.3,161075.5,63882.65,2420504,89739.46,11426.79,6693.515,61862.48,1009039,93193.22,2975388,1119329,21592.67,77415.26,6738906,392230.7,6398.388,68071.09,744562,713105.3,3955.687,16055.85,64532.45,12727.11,12762690,69655.03,4942.743,16346.85,40751.42,259476.9,611669.3,88143.28,132986.7,4108.341,73594.84,550435.9,7562.135,1492858,43695.4,15112.65,351486.7,33713.27,1249131,NA,18955.94,12227.88,15941.22,7726.118,29875.34,313834.4,6195689,2762.949,3337.193,2883.204,516195.8,87735.18,112215,3089.19,238865.2,120618.8,42847.32,48039.66,72686.96,154376.6,62572.94,8759.754,41296.57,54871.14,435920.2,630625.2,172089.6,76805.68,6017.414,11938.15,248237.4,27962.58,13648.09,143250.2,100605.1,12754.83,287001.8,130962.6,29726.29,12258.08,4302586,31497.15,18958379,100782.4
7/1/2017,3543.886,12311776,109816.3,362200,113306.8,135530.4,15070.47,8462.895,5147.621,14558.39,6642.649,538977,4175.864,463530.5,162162.5,65229.72,2460336,90204.6,11436.18,6750.227,62167.29,1017739,92419.66,3023044,1129120,21755.58,78368.42,6823389,394344.2,6440.491,68482.79,749638,715533.2,3975.193,16388.94,64823.92,12839.36,12859564,70182.28,5017.086,16479.52,41133.27,262793.1,625659.7,92831.48,137555.8,4200.413,74511.45,552751.2,7601.8,1503637,44063.73,15289.36,356587.6,33401.07,1253434,NA,19190.74,12357.75,16092.79,7796.526,30226.79,312401.7,6275601,2813.063,3382.212,2929.171,523027.5,89098.02,112578.7,3097.371,240471.5,121263.4,43330.32,48607.74,73897.55,156229.1,63014.67,9033.576,41654.15,55858.88,436301.7,644850.5,172905.5,78344.78,6082.029,12088.6,249912.8,28113.72,13752.55,144963.2,101794.6,12851.06,291774.2,132536.8,30082.45,12293.22,4336584,32195.38,19135164,101480
10/1/2017,3592.024,12395342,110805.5,364154.3,113863.3,136460.2,15182.35,8401.649,5151.766,14796.97,6734.941,540406,4241.543,465490,163826.5,65746.21,2498858,90563.93,11618.24,6816.436,62562.63,1025175,93242.71,3067850,1134466,21917.93,79242.87,6898711,397050.9,6519.235,69277.36,755112.7,718389.8,4052.843,16613.28,65087.77,12950.93,12946700,70947.82,5023.231,16508.15,41735.78,266238.8,638676.4,96319.52,137935.9,4299.048,75314.52,554833.9,7726.693,1508617,44462.83,15625.82,356214.5,33587.35,1260677,NA,19501.74,12477.76,16322.49,7850.456,31049.7,315390.9,6347353,2837.597,3410.335,2956.88,525441.2,89937.9,113275.4,3140.426,242341.7,121511.9,43538.55,48700.14,74997.22,158416.3,63509.65,9125.641,42212.87,56305.64,430104.4,658178.2,172347.9,79035.23,6150.913,12162.91,252099.1,28507.69,14071.4,145084.5,102223.9,12936.32,298898.5,133607.9,30257.83,12401.62,4374498,32637.26,19294053,102343
1/1/2018,3638.147,12449019,110793.4,367850,114765.1,136827.9,15312.69,8456.131,5203.629,14981.28,6783.732,543487.7,4217.382,467209.2,165499.3,66569.8,2541994,91327.95,11678.71,6895.448,62938.15,1026529,94021.25,3118777,1151995,21752.55,80353.42,6993482,399014.4,6598.889,69538.1,756787.4,718791.9,4117.558,16836.71,65481.46,12971.99,13005711,72295.05,5077.389,16600.08,42277.25,269446.8,650446.4,95757.33,140848,4314.525,76073.21,555958.5,7721.613,1506515,44902.81,15930.88,359675.1,33555.41,1270308,NA,19476.19,12558.58,16404.24,8003.393,30360.24,319390.7,6436790,2819.383,3484.434,3025.494,530424.1,91099.88,113427.4,3134.427,243847.6,121922.3,43783.98,49313.49,76010.6,160634.1,63837.82,9320.707,41945.4,56474.63,439797.4,669922.5,174125.7,79985.67,6176.664,12417.8,252056.2,28720.12,14090.38,146315.9,104158.9,13058.06,302170.8,134534.6,30647.17,12528.92,4402193,33041.07,19442501,101643.8
4/1/2018,3665.063,12524126,105214.6,370415.7,115250.4,137265.9,15436,8740.848,5263.404,14970.53,6853.662,542949.8,4286.638,470141.4,166857.5,67082.8,2582303,91934.32,11785,6954.224,63336.55,1030502,94375.81,3166251,1162172,21902.42,81525.19,7056742,401202.3,6678.657,69555.94,758438.2,722611.4,4176.77,17057.85,65477.32,13183.39,13085788,72069.38,5150.481,16821.77,42751.69,273091.8,659991.7,97511.12,136449.9,4383.055,76347.51,556108.6,7733.594,1513540,45541.58,16098.64,361752.1,33906.81,1266461,NA,19720.98,12704.84,16435.07,8085.922,30717.39,318759.7,6495080,2854.94,3574.755,3047.625,529300.8,91672.58,113890,2930.612,245519.8,122330,44225.48,50626.61,77178.99,162722.4,64314.32,9358.167,42144.71,57208.82,444688.7,679712.7,174958.5,80120.17,6197.113,12524.08,252843.6,29201.96,14239.64,147231.9,105283.6,13123.94,302695.9,135069.3,30850.57,12532.78,4440298,33673.78,19580868,101510.5
7/1/2018,3699.49,12567635,105063.5,371516.6,115345.4,137629.8,15541.06,8645.113,5285.401,14905.01,6903.43,545794.9,4341.387,472598.9,166349.8,67035.69,2619315,92554.52,11730.18,7006.531,63695.09,1029429,94885.48,3209423,1163213,22075.84,82539.55,7122384,403204.4,6762.976,69498.3,760711,727115.7,4127.097,17365.35,66130.71,13307.98,13134947,72138.12,5172.473,16933.08,43391.15,276395.4,669791.5,99506.91,NA,4337.845,76885.01,555420.3,7757.479,1506204,45794.22,16295.07,363410.5,34341.21,1270603,NA,19831.28,12781.11,16503.41,8194.326,31119.28,320329.7,6555063,2893.658,3642.728,3072.341,534955,93025.63,114585.1,2962.201,246074.1,122995.3,44361.43,49756.21,78213.2,165000.5,64548.98,9181.462,42336.83,57952.53,445763.2,689622.8,177114.9,80286.29,6220.899,12581.42,254756.1,29431.32,14404.87,146522.5,105053.8,13193.2,298409.3,135623.8,30935.41,12513.58,4472482,34347.55,19689507,102169.2
10/1/2018,3718.144,12609245,103740,372037.7,116334.8,138138,15661.81,8850.96,5305.797,14992.35,6952.849,546453,4413.064,472903.6,166221.8,67887.2,2657808,93009.3,11774.38,7073.567,64265.44,1031563,95628.94,3255992,1154077,22091.45,83641.36,7181446,405465.2,6843.996,69694.54,764114.9,729433.9,4238.008,17653.67,66080.98,13397.65,13180935,71800.5,5245.95,16889.74,43864.07,280001.9,681017.1,99972.55,NA,4426.95,77671.08,554982.6,7856.622,1512793,46121.05,16547.23,366790.1,34152.14,1273024,NA,19840.66,12952.13,16608.08,8268.003,31941.94,320538,6609754,2930.851,3652.281,3217.16,541034.9,94209.35,115942.4,2896.545,247357,123471.2,44656.24,51055.33,79782.25,165660.5,64808.26,9223.361,42393.83,58532.01,442167.6,700857.7,179512,80116.19,6280.323,12588.67,257073.7,29523.11,14495.54,148451.8,105992.8,13211.18,290135.5,136038.5,31270.43,12479.07,4484610,34980.91,19789735,102517.3
1/1/2019,3738.851,12677935,103703.4,373965.3,116978.9,138612.3,15848.85,8687.318,5322.951,15160.38,NA,545979.8,4399.661,473518.6,166877.9,67885.46,2705054,93757.76,11882.54,7119.404,64650.6,1035523,95948.41,3309411,1164272,21883.98,84883.09,7250245,407688.8,6904.533,69890.79,766487.4,733655.5,4314.647,17941.98,66180.44,13366.31,13250557,72728.75,5257.335,17255.01,44470.9,283139.9,687962.8,102640.5,NA,4322.519,78548.97,555650.2,7873.278,1520959,46626.95,16806.46,365434,34475.47,1271700,NA,20207.84,13101.71,16663.29,8256.699,31209.39,319710.7,6677725,2939.296,3670.574,3278.477,538557.7,95219.93,115802.3,NA,248467,123444.1,45069.12,50502.37,80294.4,167979.7,65182.4,9120.483,42285.8,59277.55,442419.8,708170.7,177099.2,80865.67,6327.18,12753.81,256674.2,29768.57,14586.89,148572.3,107086.7,13207.89,294688.9,137106.3,31473.87,12483.09,4518895,35338.08,19926823,101723.8
4/1/2019,3764.316,12724303,103354.7,375765.6,116995.2,138927.3,15978.21,NA,NA,NA,NA,548390.4,4423.401,477849,167355.2,68450.81,2741897,95046.96,11905.58,7174.189,65129.67,1034756,96791.41,3353251,1177884,21961.92,86168.53,7320465,409320.8,6935.143,70461.67,768893.2,732055.7,4363.973,18187.34,66737.13,NA,13297571,72412.26,5245.94,17228.45,44965.73,286850,692959.2,103340.8,NA,4485.705,78754.11,555825,7877.694,1526057,NA,17016.38,369234.2,NA,1276554,NA,20044.2,13216.29,NA,8318.528,31477.44,319774.9,6747200,2947.596,3719.379,3243.39,538090.1,96191.64,116156.9,NA,249452.9,123755.3,45385.39,51192.79,81386.94,169323.6,65554.58,9071.668,41566.86,59884.61,448043.2,713003.4,175872.9,80189.93,6319.392,12888.12,258285.8,29786.98,14612.97,148772.5,107717.1,13285.69,298361.4,138029.2,32240.17,12544.78,4541528,35965.85,20042375,102501.8
7/1/2019,NA,NA,NA,NA,NA,NA,NA,NA,NA,NA,NA,NA,NA,NA,NA,NA,NA,NA,NA,NA,NA,NA,NA,NA,NA,NA,NA,NA,NA,NA,NA,NA,NA,NA,NA,NA,NA,NA,NA,NA,NA,NA,NA,NA,NA,NA,NA,NA,NA,NA,NA,NA,NA,NA,NA,NA,NA,NA,NA,NA,NA,NA,NA,NA,NA,NA,NA,NA,NA,NA,NA,NA,NA,NA,NA,NA,NA,NA,NA,NA,NA,NA,NA,NA,NA,NA,NA,NA,NA,NA,NA,NA,NA,NA,NA,NA,NA,NA,36829.48,NA,NA
10/1/2019,NA,NA,NA,NA,NA,NA,NA,NA,NA,NA,NA,NA,NA,NA,NA,NA,NA,NA,NA,NA,NA,NA,NA,NA,NA,NA,NA,NA,NA,NA,NA,NA,NA,NA,NA,NA,NA,NA,NA,NA,NA,NA,NA,NA,NA,NA,NA,NA,NA,NA,NA,NA,NA,NA,NA,NA,NA,NA,NA,NA,NA,NA,NA,NA,NA,NA,NA,NA,NA,NA,NA,NA,NA,NA,NA,NA,NA,NA,NA,NA,NA,NA,NA,NA,NA,NA,NA,NA,NA,NA,NA,NA,NA,NA,NA,NA,NA,NA,NA,NA,NA
